# 3ds Max Wavefront OBJ Exporter v0.97b - (c)2007 guruware
# File Created: 19.10.2017 11:53:29

#
# object House_2_AO
#

v  1.753554 6.780622 1.526308
v  -1.843801 6.835180 -1.500859
v  -1.843801 6.835180 1.752149
v  1.725625 6.222827 1.671252
v  1.753554 4.262161 1.526308
v  -1.843801 4.207605 -1.500859
v  1.776500 4.207605 -1.500859
v  -1.729148 5.724842 -1.419962
v  1.776500 6.835179 -1.500859
v  -1.729148 5.724842 1.671252
v  -1.843801 4.207605 1.752148
v  1.888333 3.836003 -1.564941
v  1.674519 3.839253 -1.564984
v  1.888327 3.835678 -1.338171
v  1.674515 3.838928 -1.338129
v  1.849959 6.774245 -1.572876
v  1.608403 6.777938 -1.572834
v  1.849954 6.773880 -1.316506
v  1.608396 6.777571 -1.316549
v  1.888333 3.829915 1.526345
v  1.674520 3.833166 1.526302
v  1.888327 3.829591 1.753114
v  1.674515 3.832842 1.753156
v  1.849959 6.743385 1.518409
v  1.608403 6.747076 1.518452
v  1.849954 6.743018 1.774780
v  1.608396 6.746710 1.774736
v  1.676386 5.057789 1.699299
v  1.676344 5.171962 1.695763
v  1.903156 5.057792 1.699652
v  1.903199 5.171964 1.696115
v  1.668451 5.085613 -1.494199
v  1.668495 5.214600 -1.498215
v  1.924822 5.085616 -1.493801
v  1.924779 5.214603 -1.497817
v  -1.624602 5.352871 -0.255789
v  -1.624601 5.352871 0.576089
v  -1.625452 6.453171 -0.255789
v  -1.625452 6.453171 0.576089
v  -1.887894 5.352800 -0.255789
v  -1.887894 5.352800 0.576089
v  -1.888745 6.453100 -0.255789
v  -1.888745 6.453100 0.576089
v  -1.888011 5.479398 -0.140752
v  -1.888011 5.479398 0.110178
v  -1.888286 5.859140 0.110178
v  -1.888286 5.859140 -0.140752
v  -1.888011 5.479398 0.201741
v  -1.888011 5.479398 0.461049
v  -1.888286 5.859140 0.461049
v  -1.888286 5.859140 0.201741
v  -1.888353 5.950705 0.110178
v  -1.888629 6.330447 0.110178
v  -1.888629 6.330447 -0.140752
v  -1.888353 5.950705 -0.140752
v  -1.888353 5.950705 0.461049
v  -1.888629 6.330447 0.461049
v  -1.888629 6.330447 0.201741
v  -1.888353 5.950705 0.201741
v  -1.842196 5.479431 -0.140752
v  -1.842196 5.479431 0.110178
v  -1.842471 5.859174 0.110178
v  -1.842471 5.859174 -0.140752
v  -1.842196 5.479431 0.201741
v  -1.842196 5.479431 0.461049
v  -1.842471 5.859174 0.461049
v  -1.842471 5.859174 0.201741
v  -1.842538 5.950738 0.110178
v  -1.842813 6.330481 0.110178
v  -1.842813 6.330481 -0.140752
v  -1.842538 5.950738 -0.140752
v  -1.842538 5.950738 0.461049
v  -1.842813 6.330481 0.461049
v  -1.842813 6.330481 0.201741
v  -1.842538 5.950738 0.201741
v  -1.989269 3.966641 1.637524
v  -2.203083 3.969892 1.637481
v  -1.989275 3.966317 1.864293
v  -2.203087 3.969567 1.864336
v  -1.729874 6.774245 1.629588
v  -1.971430 6.777938 1.629631
v  -1.729879 6.773880 1.885959
v  -1.971437 6.777571 1.885916
v  -1.795365 5.719311 1.589190
v  -1.567680 5.715839 1.589190
v  -1.795371 5.718966 1.830759
v  -1.686239 5.715494 1.830760
v  -1.990977 3.966586 -1.546928
v  -2.204791 3.969836 -1.546971
v  -1.990983 3.966263 -1.320159
v  -2.204795 3.969513 -1.320117
v  -1.729874 6.774245 -1.554864
v  -1.971430 6.777938 -1.554821
v  -1.729879 6.773880 -1.298493
v  -1.971437 6.777571 -1.298537
v  -1.751669 5.719310 -1.498618
v  -1.523984 5.715839 -1.498618
v  -1.751675 5.718966 -1.257049
v  -1.523990 5.715494 -1.257048
v  0.051668 4.144071 1.529954
v  -0.062505 4.147321 1.529912
v  0.051665 4.143746 1.756723
v  -0.062507 4.146997 1.756766
v  0.023843 6.743489 1.522018
v  -0.105144 6.747181 1.522062
v  0.023841 6.743123 1.778389
v  -0.105147 6.746815 1.778347
v  -1.691391 4.178256 1.556812
v  -1.769826 4.261287 1.556770
v  -1.691623 4.178029 1.783581
v  -1.770056 4.261059 1.783625
v  -0.085320 6.724930 1.548876
v  -0.173917 6.818748 1.548920
v  -0.085580 6.724673 1.805247
v  -0.174179 6.818491 1.805205
v  -2.041673 4.335203 1.636127
v  -2.038422 4.335246 1.849940
v  -2.041997 4.108434 1.636133
v  -2.038746 4.108392 1.849944
v  1.974887 4.343139 1.373728
v  1.978577 4.343096 1.615283
v  1.974519 4.086768 1.373733
v  1.978212 4.086811 1.615291
v  0.267284 4.178256 1.466856
v  0.188850 4.261287 1.466814
v  0.267052 4.178029 1.693625
v  0.188619 4.261059 1.693669
v  1.694667 6.724930 1.458920
v  1.606070 6.818748 1.458964
v  1.694407 6.724673 1.715291
v  1.605809 6.818491 1.715249
v  -1.655173 4.335203 -1.648529
v  -1.868987 4.335247 -1.645279
v  -1.655179 4.108434 -1.648853
v  -1.868991 4.108392 -1.645602
v  -1.693548 4.343139 1.945638
v  -1.935104 4.343096 1.949330
v  -1.693553 4.086768 1.945272
v  -1.935111 4.086811 1.948963
v  0.267284 4.178256 -1.526341
v  0.188849 4.261287 -1.526384
v  0.267052 4.178029 -1.299572
v  0.188619 4.261059 -1.299529
v  1.694667 6.724930 -1.534277
v  1.606069 6.818748 -1.534233
v  1.694407 6.724673 -1.277906
v  1.605808 6.818491 -1.277949
v  1.587054 5.352871 0.500143
v  1.587054 5.352871 -0.331735
v  1.587905 6.453171 0.500143
v  1.587905 6.453171 -0.331735
v  1.850346 5.352800 0.500143
v  1.850346 5.352800 -0.331735
v  1.851197 6.453100 0.500143
v  1.851197 6.453100 -0.331735
v  1.850463 5.479398 0.385105
v  1.850463 5.479398 0.134176
v  1.850739 5.859140 0.134176
v  1.850739 5.859140 0.385105
v  1.850463 5.479398 0.042612
v  1.850463 5.479398 -0.216695
v  1.850739 5.859140 -0.216695
v  1.850739 5.859140 0.042612
v  1.850806 5.950705 0.134176
v  1.851081 6.330447 0.134176
v  1.851081 6.330447 0.385105
v  1.850806 5.950705 0.385105
v  1.850806 5.950705 -0.216695
v  1.851081 6.330447 -0.216695
v  1.851081 6.330447 0.042612
v  1.850806 5.950705 0.042612
v  1.804648 5.479431 0.385105
v  1.804648 5.479431 0.134176
v  1.804924 5.859174 0.134176
v  1.804924 5.859174 0.385105
v  1.804648 5.479431 0.042612
v  1.804648 5.479431 -0.216695
v  1.804924 5.859174 -0.216695
v  1.804924 5.859174 0.042612
v  1.804990 5.950738 0.134176
v  1.805266 6.330481 0.134176
v  1.805266 6.330481 0.385105
v  1.804990 5.950738 0.385105
v  1.804990 5.950738 -0.216695
v  1.805266 6.330481 -0.216695
v  1.805266 6.330481 0.042612
v  1.804990 5.950738 0.042612
v  -1.691391 4.178256 -1.526341
v  -1.769826 4.261287 -1.526384
v  -1.691623 4.178029 -1.299572
v  -1.770056 4.261059 -1.299529
v  -0.085320 6.724930 -1.534277
v  -0.173917 6.818748 -1.534233
v  -0.085580 6.724673 -1.277906
v  -0.174179 6.818491 -1.277949
v  0.051668 4.144071 -1.526341
v  -0.062505 4.147321 -1.526384
v  0.051665 4.143747 -1.299572
v  -0.062507 4.146997 -1.299529
v  0.023843 6.743489 -1.534277
v  -0.105144 6.747181 -1.534233
v  0.023840 6.743123 -1.277906
v  -0.105147 6.746815 -1.277949
v  -2.041673 4.335203 -1.588774
v  -2.038422 4.335247 -1.374960
v  -2.041997 4.108434 -1.588768
v  -2.038747 4.108392 -1.374956
v  1.974887 4.343139 -1.550399
v  1.978578 4.343096 -1.308844
v  1.974519 4.086768 -1.550395
v  1.978212 4.086811 -1.308837
v  1.888334 4.335203 -1.648529
v  1.674520 4.335247 -1.645279
v  1.888327 4.108434 -1.648853
v  1.674515 4.108392 -1.645602
v  1.849959 4.343139 1.663798
v  1.608403 4.343096 1.667490
v  1.849954 4.086768 1.663431
v  1.608396 4.086811 1.667123
v  -0.721104 9.760483 1.212599
v  -0.274546 9.777573 0.756365
v  -0.753631 9.777573 0.756365
v  -0.898894 8.550009 1.329377
v  -0.951941 7.132065 1.453312
v  -0.032216 7.096868 0.513659
v  -0.032216 7.096868 1.464912
v  -0.177208 8.306483 0.671763
v  -0.274546 9.777573 1.218231
v  -0.863134 8.306483 0.671763
v  -1.018933 7.096868 0.513658
v  -0.618249 9.760752 1.116595
v  -0.383959 9.773386 1.119551
v  -0.383850 9.769751 0.853518
v  -0.637003 9.773931 0.853614
v  -1.897116 5.085613 -1.398471
v  -1.897072 5.214600 -1.402372
v  -1.640788 5.214602 -1.401985
v  -1.640746 5.085616 -1.398085
v  -1.889182 5.057789 1.696338
v  -1.889224 5.171962 1.692904
v  -1.662368 5.171964 1.693246
v  -1.662412 5.057792 1.696681
v  1.950193 -0.089156 -1.995317
v  -1.914717 -0.089156 -1.995317
v  1.950193 -0.089156 1.869594
v  -1.914717 -0.089156 1.869594
v  1.332898 4.309310 -1.179137
v  1.332898 4.309310 1.476421
v  -1.322659 4.309310 1.476421
v  -1.426456 3.520133 -1.269035
v  1.435115 3.520133 -1.269035
v  -1.426456 3.520133 1.592537
v  1.435115 3.520133 1.592536
v  1.935904 0.198321 1.855305
v  1.119354 0.158860 1.857266
v  0.064517 0.040744 1.863137
v  -1.897767 0.251858 1.852644
v  -1.893300 0.341737 1.530213
v  -1.914717 -0.089156 0.571337
v  1.926065 0.396292 1.394436
v  1.941357 0.088623 0.438257
v  -1.474491 4.309310 -1.088890
v  -1.486932 4.309310 -0.463578
v  -0.800693 4.309310 -1.179137
v  -1.170967 4.309310 -1.323085
v  -1.470844 4.309310 -1.313422
v  -1.426456 3.520133 1.592537
v  -1.029531 2.265689 1.519392
v  -1.034777 2.288922 1.783898
v  -0.599174 2.266252 1.528725
v  -0.606997 2.291536 1.787402
v  -0.605649 2.507947 1.513230
v  -1.029867 2.503929 1.499202
v  -0.605182 2.528403 1.771027
v  -1.029123 2.531482 1.759318
v  -1.823097 1.091083 1.059806
v  -1.558704 1.068043 1.049978
v  -1.838145 1.092146 0.629612
v  -1.578983 1.072125 0.622677
v  -1.811079 1.332828 0.635756
v  -1.801592 1.329207 1.060104
v  -1.554087 1.308246 0.620619
v  -1.541104 1.311214 1.044524
v  -1.191626 0.393106 1.627025
v  -1.195240 0.393198 1.892577
v  -0.761220 0.392853 1.633728
v  -0.767446 0.395496 1.893667
v  -0.767660 0.634979 1.639396
v  -1.191957 0.632199 1.627678
v  -0.765604 0.632889 1.897987
v  -1.189607 0.636977 1.889197
v  -0.795280 0.658029 -1.653862
v  -0.781940 0.681238 -1.918087
v  -1.225151 0.659735 -1.676266
v  -1.209407 0.684988 -1.934585
v  -1.218509 0.901413 -1.660571
v  -0.794925 0.896268 -1.633662
v  -1.211089 0.921860 -1.918263
v  -0.787693 0.923813 -1.893680
v  -1.380775 0.334449 -1.985520
v  -1.386020 0.288431 -1.724013
v  -0.950418 0.332577 -1.976359
v  -0.958241 0.290049 -1.719953
v  -0.956892 0.570046 -1.928772
v  -1.381110 0.569796 -1.943361
v  -0.956426 0.523083 -1.674464
v  -1.380367 0.529088 -1.684976
v  -1.029532 2.302777 -1.598541
v  -1.034777 2.256759 -1.337035
v  -0.599175 2.300904 -1.589381
v  -0.606998 2.258377 -1.332975
v  -0.605649 2.538374 -1.541793
v  -1.029867 2.538123 -1.556383
v  -0.605183 2.491411 -1.287485
v  -1.029124 2.497416 -1.297998
v  1.176683 0.949688 -1.852396
v  1.173070 0.926635 -1.587847
v  1.607090 0.948852 -1.845741
v  1.600864 0.928829 -1.586560
v  1.600650 1.189562 -1.818991
v  1.176352 1.187814 -1.830907
v  1.602705 1.164943 -1.561566
v  1.178702 1.169781 -1.569968
v  1.555817 1.241624 -1.047848
v  1.821211 1.241716 -1.057676
v  1.540733 1.241371 -1.478042
v  1.800654 1.244014 -1.484977
v  1.546720 1.483497 -1.471898
v  1.556486 1.480717 -1.047551
v  1.804876 1.481407 -1.487036
v  1.817550 1.485495 -1.063131
v  1.593175 0.567534 -1.486000
v  1.857454 0.590747 -1.473796
v  1.613744 0.569080 -1.915964
v  1.872127 0.594339 -1.901331
v  1.598077 0.810760 -1.909345
v  1.572977 0.805773 -1.485648
v  1.855798 0.831210 -1.903032
v  1.833023 0.833321 -1.479535
v  1.411781 2.109671 1.765519
v  1.677176 2.109763 1.755692
v  1.396697 2.109418 1.335325
v  1.656618 2.112062 1.328390
v  1.402684 2.351544 1.341470
v  1.412450 2.348764 1.765817
v  1.660840 2.349454 1.326332
v  1.673515 2.353542 1.750237
v  -1.583853 4.269010 1.019766
v  -1.318458 4.269101 1.009938
v  -1.598937 4.268757 0.589572
v  -1.339016 4.271399 0.582637
v  -1.592951 4.510882 0.595716
v  -1.583184 4.508102 1.020064
v  -1.334795 4.508792 0.580579
v  -1.322119 4.512880 1.004484
v  0.636305 -0.073613 -1.783455
v  -0.304308 -0.073613 -1.783455
v  0.670185 1.920443 -1.432040
v  -0.329772 1.920443 -1.432040
v  0.636305 -0.021845 -2.078298
v  -0.304308 -0.021845 -2.078298
v  0.670185 1.972211 -1.726883
v  -0.329772 1.972211 -1.726883
v  0.565945 0.030206 -2.069131
v  -0.233948 0.030206 -2.069131
v  -0.259413 1.899372 -1.739717
v  0.599825 1.899372 -1.739717
v  0.538973 0.042862 -1.985580
v  -0.206976 0.042862 -1.985580
v  -0.232441 1.858902 -1.665529
v  0.572853 1.858902 -1.665529
v  0.535115 0.067050 -2.072017
v  -0.203118 0.067050 -2.072017
v  -0.228583 1.865689 -1.755033
v  0.568995 1.865689 -1.755033
v  0.470948 0.910006 -1.871697
v  0.319874 0.910006 -1.871697
v  0.470948 0.957116 -1.863394
v  0.319874 0.957116 -1.863394
v  0.470948 0.923397 -1.947680
v  0.319874 0.923397 -1.947680
v  0.470948 0.970507 -1.939378
v  0.319874 0.970507 -1.939378
v  2.085629 6.838158 2.078275
v  2.085629 6.838158 -1.847440
v  2.085629 9.331520 0.200268
v  2.085629 7.688173 1.131566
v  2.085629 7.688173 -0.900731
v  2.085629 9.331520 0.030567
v  2.085627 8.405850 0.595362
v  2.085628 8.405850 -0.364527
v  1.923054 6.962200 1.576830
v  1.923054 6.962200 -1.345996
v  1.923055 7.604085 -0.708568
v  1.923054 8.340401 -0.170973
v  1.923054 9.069039 0.115417
v  1.923054 8.340401 0.401808
v  1.923055 7.604085 0.939402
v  1.923054 6.838158 1.871161
v  1.923054 6.838158 -1.640326
v  2.085629 6.838158 1.871161
v  2.085629 6.962200 1.754453
v  2.085629 7.604085 1.039550
v  2.085628 8.340401 0.489422
v  2.085628 9.197756 0.115417
v  2.085628 8.340401 -0.258587
v  2.085629 7.604085 -0.808716
v  2.085629 6.962200 -1.523618
v  2.085629 6.838158 -1.640326
v  -1.943726 6.962200 1.576830
v  -1.943726 6.962200 -1.345996
v  -1.943726 7.604085 -0.708568
v  -1.943726 7.604085 0.939402
v  -1.943725 8.340401 -0.170973
v  -1.943725 8.340401 0.401808
v  -1.943725 9.207478 0.115417
v  -2.106299 6.838158 2.078275
v  -2.106299 6.838158 1.871161
v  -2.106299 6.962200 1.754453
v  -2.106299 6.838158 -1.847440
v  -2.106300 7.688173 -0.900731
v  -2.106300 7.604085 -0.808716
v  -2.106299 6.962200 -1.523618
v  -2.106298 8.405850 -0.364527
v  -2.106298 8.340401 -0.258587
v  -2.106299 9.331520 0.030567
v  -2.106299 9.207478 0.115417
v  -2.106299 9.331520 0.200268
v  -2.106298 8.405850 0.595362
v  -2.106298 8.340401 0.489422
v  -2.106300 7.688173 1.131566
v  -2.106300 7.604085 1.039550
v  -1.943725 6.838158 1.871161
v  -2.106299 6.838158 -1.640326
v  -1.943725 6.838158 -1.640326
v  1.819885 6.768565 -1.253299
v  1.819885 6.768565 1.484134
v  1.819885 6.652391 1.759795
v  -1.813791 6.652391 1.759795
v  -1.813791 6.768566 1.484134
v  -1.813791 6.768566 -1.253300
v  -1.813791 6.652391 -1.528961
v  1.819885 6.652391 -1.528961
v  2.393948 6.790982 1.504673
v  2.393948 6.666940 1.799003
v  2.290779 6.481174 1.687638
v  2.290779 6.597348 1.411976
v  -2.394034 6.631948 1.784256
v  -2.394034 6.755991 1.489926
v  -2.264099 6.562357 1.397229
v  -2.264099 6.446182 1.672891
v  -2.394034 6.755991 -1.259091
v  -2.394034 6.631948 -1.553421
v  -2.264099 6.446182 -1.442056
v  -2.264099 6.562357 -1.166395
v  2.393948 6.666940 -1.568168
v  2.393948 6.790982 -1.273838
v  2.290779 6.597348 -1.181142
v  2.290779 6.481174 -1.456803
v  0.469934 7.543468 -1.043360
v  0.144084 7.567195 -1.048062
v  0.485733 7.826926 -0.707889
v  0.159882 7.850653 -0.712592
v  0.474372 7.595634 -1.087647
v  0.148522 7.619361 -1.092350
v  0.490170 7.879093 -0.752176
v  0.164320 7.902820 -0.756879
v  0.722200 7.796000 -0.789904
v  0.396350 7.818549 -0.798655
v  0.737998 8.133406 -0.508752
v  0.412148 8.155955 -0.517503
v  0.726638 7.839683 -0.842577
v  0.400787 7.862232 -0.851329
v  0.742436 8.177090 -0.561425
v  0.416586 8.199639 -0.570176
v  1.454301 7.075718 -1.560713
v  1.129919 7.099764 -1.591720
v  1.438760 7.328859 -1.201803
v  1.114377 7.352906 -1.232810
v  1.462171 7.131546 -1.599748
v  1.137789 7.155592 -1.630755
v  1.446629 7.384687 -1.240838
v  1.122247 7.408733 -1.271845
v  1.276978 8.703997 -0.226961
v  0.951474 8.701514 -0.255330
v  1.254765 9.082790 -0.005238
v  0.929262 9.080308 -0.033608
v  1.281847 8.738763 -0.285868
v  0.956343 8.736280 -0.314237
v  1.259634 9.117557 -0.064145
v  0.934131 9.115075 -0.092515
v  -0.981055 8.118055 -0.589231
v  -1.306254 8.141281 -0.567558
v  -0.938343 8.429673 -0.282296
v  -1.263542 8.452900 -0.260623
v  -0.980876 8.166163 -0.638098
v  -1.306075 8.189389 -0.616425
v  -0.938164 8.477781 -0.331163
v  -1.263363 8.501008 -0.309490
v  -1.356828 8.466734 -0.332089
v  -1.682332 8.466734 -0.360567
v  -1.379041 8.824762 -0.078196
v  -1.704544 8.824762 -0.106674
v  -1.351959 8.506502 -0.387742
v  -1.677462 8.506502 -0.416220
v  -1.374172 8.864530 -0.133849
v  -1.699675 8.864530 -0.162327
v  -1.300173 7.029532 -1.572860
v  -1.626024 7.053259 -1.577563
v  -1.284375 7.312991 -1.237390
v  -1.610225 7.336718 -1.242092
v  -1.295736 7.081699 -1.617148
v  -1.621586 7.105426 -1.621850
v  -1.279938 7.365158 -1.281677
v  -1.605788 7.388885 -1.286380
v  0.932199 7.787944 1.032226
v  1.258049 7.810493 1.040977
v  0.916400 8.125351 0.751074
v  1.242251 8.147901 0.759825
v  0.927761 7.831628 1.084899
v  1.253611 7.854177 1.093651
v  0.911963 8.169034 0.803747
v  1.237813 8.191584 0.812499
v  0.176737 7.075718 1.828294
v  0.501119 7.099764 1.859301
v  0.192279 7.328859 1.469384
v  0.516661 7.352906 1.500390
v  0.168867 7.131546 1.867329
v  0.493250 7.155592 1.898336
v  0.184409 7.384687 1.508419
v  0.508791 7.408733 1.539425
v  0.110792 8.118055 0.856811
v  0.435991 8.141281 0.835139
v  0.068079 8.429673 0.549877
v  0.393278 8.452900 0.528204
v  0.110612 8.166163 0.905679
v  0.435811 8.189389 0.884006
v  0.067900 8.477781 0.598744
v  0.393099 8.501008 0.577071
v  -0.194875 8.466734 0.599670
v  0.130629 8.466734 0.628148
v  -0.172662 8.824762 0.345777
v  0.152841 8.824762 0.374255
v  -0.199744 8.506502 0.655323
v  0.125760 8.506502 0.683801
v  -0.177531 8.864530 0.401430
v  0.147972 8.864530 0.429908
v  -1.399661 7.543468 1.310941
v  -1.073810 7.567195 1.315643
v  -1.415459 7.826926 0.975470
v  -1.089609 7.850653 0.980172
v  -1.404098 7.595634 1.355228
v  -1.078248 7.619361 1.359931
v  -1.419897 7.879093 1.019757
v  -1.094046 7.902820 1.024460
v  -1.627191 8.703997 0.494542
v  -1.301688 8.701514 0.522911
v  -1.604979 9.082790 0.272819
v  -1.279475 9.080308 0.301189
v  -1.632060 8.738763 0.553448
v  -1.306557 8.736280 0.581818
v  -1.609848 9.117557 0.331726
v  -1.284344 9.115075 0.360096
# 563 vertices

vn 0.006473 0.999911 0.011622
vn 0.000000 0.999794 0.020275
vn 0.008966 0.999925 0.008289
vn -0.000000 -0.064613 -0.997910
vn -0.000000 -0.064613 -0.997910
vn -0.000000 -0.064613 -0.997910
vn -0.994711 -0.102713 0.000000
vn -0.994711 -0.102713 0.000000
vn -0.994711 -0.102713 0.000000
vn -0.994711 -0.102713 0.000000
vn 0.998806 -0.048270 0.007540
vn 0.998806 -0.048270 0.007540
vn 0.998806 -0.048270 0.007540
vn 0.014523 -0.032672 0.999361
vn 0.009177 -0.063667 0.997929
vn 0.049393 0.172412 0.983786
vn 0.057671 0.221890 0.973365
vn 0.008966 0.999925 0.008289
vn 0.015164 0.999885 -0.000000
vn 0.006473 0.999911 0.011622
vn -0.021089 0.029057 -0.999355
vn -0.036317 0.050038 -0.998087
vn -0.009241 0.012732 -0.999876
vn 0.000000 0.000000 -1.000000
vn -0.997157 0.075352 0.000000
vn -0.997157 0.075352 0.000000
vn -0.997157 0.075352 0.000000
vn -0.997157 0.075352 0.000000
vn 0.999895 0.005211 0.013512
vn 0.999700 0.012872 0.020837
vn 0.999864 0.006786 0.015018
vn 0.999964 0.000000 0.008529
vn 0.014549 0.009900 0.999845
vn 0.056566 -0.064649 0.996304
vn 0.040326 -0.035803 0.998545
vn -0.006897 0.047850 0.998831
vn 0.008966 -0.999925 0.008289
vn 0.006473 -0.999911 0.011622
vn 0.015164 -0.999885 -0.000000
vn 0.006473 -0.999911 0.011622
vn 0.008966 -0.999925 0.008289
vn 0.000000 -0.999794 0.020275
vn 0.015280 0.999882 0.001607
vn 0.015282 0.999882 0.001610
vn 0.015280 0.999882 0.001607
vn 0.015277 0.999882 0.001604
vn 0.000124 -0.002372 -0.999997
vn 0.000142 -0.002371 -0.999997
vn -0.000178 -0.002401 -0.999997
vn -0.000194 -0.002403 -0.999997
vn -0.999747 -0.022494 -0.000059
vn -0.999747 -0.022494 -0.000058
vn -0.999747 -0.022493 -0.000067
vn -0.999747 -0.022493 -0.000068
vn 0.000059 -0.006551 0.999979
vn 0.000076 -0.006552 0.999979
vn -0.000243 -0.006533 0.999979
vn -0.000259 -0.006532 0.999979
vn 0.999915 0.013059 0.000049
vn 0.999915 0.013059 0.000049
vn 0.999915 0.013059 0.000041
vn 0.999915 0.013059 0.000041
vn -0.015200 -0.999883 -0.001611
vn -0.015200 -0.999883 -0.001611
vn -0.015200 -0.999883 -0.001611
vn -0.015200 -0.999883 -0.001611
vn 0.015278 0.999882 0.001609
vn 0.015278 0.999882 0.001609
vn 0.015278 0.999882 0.001609
vn 0.015278 0.999882 0.001609
vn 0.000124 -0.002393 -0.999997
vn 0.000142 -0.002391 -0.999997
vn -0.000178 -0.002422 -0.999997
vn -0.000194 -0.002423 -0.999997
vn -0.999743 -0.022685 -0.000059
vn -0.999743 -0.022685 -0.000059
vn -0.999743 -0.022684 -0.000067
vn -0.999743 -0.022684 -0.000067
vn 0.000058 -0.006607 0.999978
vn 0.000075 -0.006608 0.999978
vn -0.000245 -0.006588 0.999978
vn -0.000261 -0.006587 0.999978
vn 0.999913 0.013170 0.000049
vn 0.999913 0.013170 0.000049
vn 0.999913 0.013170 0.000042
vn 0.999913 0.013170 0.000042
vn -0.015201 -0.999883 -0.001607
vn -0.015201 -0.999883 -0.001607
vn -0.015201 -0.999883 -0.001607
vn -0.015201 -0.999883 -0.001607
vn 0.001381 -0.027660 -0.999616
vn 0.001383 -0.027664 -0.999616
vn 0.001379 -0.027656 -0.999617
vn 0.001377 -0.027652 -0.999617
vn -0.999996 -0.000270 0.002762
vn -0.999996 -0.000291 0.002761
vn -0.999996 0.000401 0.002799
vn -0.999996 0.000419 0.002800
vn -0.000030 0.999887 0.015020
vn -0.000029 0.999887 0.015020
vn -0.000033 0.999887 0.015020
vn -0.000033 0.999887 0.015020
vn 0.999971 -0.000147 0.007632
vn 0.999971 -0.000167 0.007632
vn 0.999971 0.000527 0.007611
vn 0.999971 0.000545 0.007611
vn 0.000027 -0.999952 -0.009804
vn 0.000028 -0.999952 -0.009804
vn 0.000023 -0.999952 -0.009803
vn 0.000023 -0.999952 -0.009803
vn -0.001381 0.027513 0.999621
vn -0.001381 0.027513 0.999621
vn -0.001381 0.027513 0.999621
vn -0.001381 0.027513 0.999621
vn -1.000000 -0.000726 0.000000
vn -1.000000 -0.000726 -0.000000
vn -1.000000 -0.000726 0.000000
vn -1.000000 -0.000726 0.000000
vn 0.000267 -1.000000 -0.000000
vn 0.000268 -1.000000 -0.000000
vn 0.000268 -1.000000 -0.000000
vn 0.000267 -1.000000 -0.000000
vn 0.000000 0.000000 1.000000
vn 0.000000 0.000000 1.000000
vn 0.000000 0.000000 1.000000
vn 0.000000 0.000000 1.000000
vn -0.000267 1.000000 -0.000000
vn -0.000267 1.000000 -0.000000
vn -0.000267 1.000000 -0.000000
vn -0.000267 1.000000 -0.000000
vn 0.000000 0.000000 -1.000000
vn 0.000000 0.000000 -1.000000
vn 0.000000 0.000000 -1.000000
vn 0.000000 0.000000 -1.000000
vn -1.000000 -0.000726 -0.000000
vn -1.000000 -0.000726 -0.000000
vn -1.000000 -0.000726 -0.000000
vn -1.000000 -0.000726 -0.000000
vn -1.000000 -0.000726 -0.000000
vn -1.000000 -0.000726 -0.000000
vn -1.000000 -0.000726 -0.000000
vn -1.000000 -0.000726 -0.000000
vn -1.000000 -0.000726 -0.000000
vn -1.000000 -0.000726 -0.000000
vn -1.000000 -0.000726 -0.000000
vn -1.000000 -0.000726 -0.000000
vn -1.000000 -0.000769 0.000016
vn -1.000000 -0.000769 0.000016
vn -1.000000 -0.000769 0.000016
vn -1.000000 -0.000769 0.000016
vn -1.000000 -0.000919 -0.000000
vn -1.000000 -0.000919 -0.000000
vn -1.000000 -0.000919 -0.000000
vn -1.000000 -0.000919 -0.000000
vn -1.000000 -0.000949 -0.000000
vn -1.000000 -0.000949 -0.000000
vn -1.000000 -0.000949 -0.000000
vn -1.000000 -0.000949 -0.000000
vn -1.000000 -0.000769 -0.000016
vn -1.000000 -0.000769 -0.000016
vn -1.000000 -0.000769 -0.000016
vn -1.000000 -0.000769 -0.000016
vn -1.000000 -0.000723 -0.000000
vn -1.000000 -0.000723 -0.000000
vn -1.000000 -0.000723 -0.000000
vn -1.000000 -0.000723 -0.000000
vn -1.000000 -0.000723 -0.000000
vn -1.000000 -0.000723 -0.000000
vn -1.000000 -0.000723 -0.000000
vn -1.000000 -0.000723 -0.000000
vn -1.000000 -0.000727 -0.000000
vn -1.000000 -0.000727 -0.000000
vn -1.000000 -0.000727 -0.000000
vn -1.000000 -0.000727 -0.000000
vn -1.000000 -0.000723 -0.000000
vn -1.000000 -0.000723 -0.000000
vn -1.000000 -0.000723 -0.000000
vn -1.000000 -0.000723 -0.000000
vn -1.000000 -0.000726 -0.000000
vn -1.000000 -0.000726 -0.000000
vn -1.000000 -0.000726 -0.000000
vn -1.000000 -0.000726 -0.000000
vn -1.000000 -0.000726 -0.000239
vn -1.000000 -0.000726 -0.000239
vn -1.000000 -0.000726 -0.000239
vn -1.000000 -0.000727 0.000267
vn -1.000000 -0.000727 0.000267
vn -1.000000 -0.000727 0.000267
vn -1.000000 -0.000949 -0.000000
vn -1.000000 -0.000949 -0.000000
vn -1.000000 -0.000949 -0.000000
vn -1.000000 -0.000949 -0.000000
vn -1.000000 -0.000949 -0.000000
vn -1.000000 -0.000949 -0.000000
vn -1.000000 -0.000727 -0.000267
vn -1.000000 -0.000727 -0.000267
vn -1.000000 -0.000727 -0.000267
vn -1.000000 -0.000726 0.000239
vn -1.000000 -0.000726 0.000239
vn -1.000000 -0.000726 0.000239
vn -0.000724 1.000000 0.000000
vn -0.000724 1.000000 0.000000
vn -0.000724 1.000000 0.000000
vn -0.000724 1.000000 0.000000
vn 0.000000 0.000000 -1.000000
vn 0.000000 0.000000 -1.000000
vn 0.000000 0.000000 -1.000000
vn 0.000000 0.000000 -1.000000
vn 0.000730 -1.000000 -0.000000
vn 0.000730 -1.000000 -0.000000
vn 0.000730 -1.000000 -0.000000
vn 0.000730 -1.000000 -0.000000
vn 0.000000 0.000000 1.000000
vn 0.000000 0.000000 1.000000
vn 0.000000 0.000000 1.000000
vn 0.000000 0.000000 1.000000
vn -0.000724 1.000000 -0.000000
vn -0.000724 1.000000 -0.000000
vn -0.000724 1.000000 -0.000000
vn -0.000724 1.000000 -0.000000
vn 0.000000 0.000000 -1.000000
vn 0.000000 0.000000 -1.000000
vn 0.000000 0.000000 -1.000000
vn 0.000000 0.000000 -1.000000
vn 0.000730 -1.000000 -0.000000
vn 0.000730 -1.000000 -0.000000
vn 0.000730 -1.000000 -0.000000
vn 0.000730 -1.000000 -0.000000
vn 0.000000 0.000000 1.000000
vn 0.000000 0.000000 1.000000
vn 0.000000 0.000000 1.000000
vn 0.000000 0.000000 1.000000
vn 0.000000 0.000000 -1.000000
vn 0.000000 0.000000 -1.000000
vn 0.000000 0.000000 -1.000000
vn 0.000000 0.000000 -1.000000
vn 0.000735 -1.000000 -0.000000
vn 0.000735 -1.000000 -0.000000
vn 0.000735 -1.000000 -0.000000
vn 0.000735 -1.000000 -0.000000
vn 0.000000 0.000000 1.000000
vn 0.000000 0.000000 1.000000
vn 0.000000 0.000000 1.000000
vn 0.000000 0.000000 1.000000
vn -0.000724 1.000000 -0.000000
vn -0.000724 1.000000 -0.000000
vn -0.000724 1.000000 -0.000000
vn -0.000724 1.000000 -0.000000
vn 0.000000 0.000000 -1.000000
vn 0.000000 0.000000 -1.000000
vn 0.000000 0.000000 -1.000000
vn 0.000000 0.000000 -1.000000
vn 0.000735 -1.000000 -0.000000
vn 0.000735 -1.000000 -0.000000
vn 0.000735 -1.000000 -0.000000
vn 0.000735 -1.000000 -0.000000
vn 0.000000 0.000000 1.000000
vn 0.000000 0.000000 1.000000
vn 0.000000 0.000000 1.000000
vn 0.000000 0.000000 1.000000
vn -0.000724 1.000000 -0.000000
vn -0.000724 1.000000 -0.000000
vn -0.000724 1.000000 -0.000000
vn -0.000724 1.000000 -0.000000
vn -1.000000 -0.000919 -0.000000
vn -1.000000 -0.000919 -0.000000
vn -1.000000 -0.000919 -0.000000
vn -1.000000 -0.000919 -0.000000
vn -1.000000 -0.000919 -0.000000
vn -1.000000 -0.000919 -0.000000
vn 0.015280 0.999882 0.001607
vn 0.015282 0.999882 0.001609
vn 0.015280 0.999882 0.001607
vn 0.015278 0.999882 0.001604
vn -0.000210 -0.024497 -0.999700
vn 0.000059 0.004495 -0.999990
vn 0.000089 0.005344 -0.999986
vn -0.000194 -0.024503 -0.999700
vn -0.973898 0.226984 0.000344
vn -0.999536 0.030475 0.000021
vn -0.999472 0.032502 0.000025
vn -0.973898 0.226985 0.000344
vn 0.000439 0.016958 0.999856
vn 0.000435 0.016959 0.999856
vn -0.000501 -0.015443 0.999881
vn -0.000434 -0.014718 0.999892
vn 0.983843 -0.174433 0.040322
vn 0.874782 -0.037799 0.483040
vn 0.896743 -0.045478 0.440209
vn 0.985322 -0.170706 -0.000245
vn -0.015200 -0.999883 -0.001608
vn -0.015200 -0.999883 -0.001608
vn -0.015200 -0.999883 -0.001608
vn -0.015200 -0.999883 -0.001608
vn 0.000059 0.004495 -0.999990
vn 0.000362 0.033991 -0.999422
vn 0.000381 0.033989 -0.999422
vn 0.000089 0.005344 -0.999986
vn -0.986452 -0.164052 -0.000294
vn -0.986452 -0.164052 -0.000294
vn -0.999472 0.032502 0.000025
vn -0.999536 0.030475 0.000021
vn -0.000906 -0.046396 0.998923
vn -0.000867 -0.046398 0.998923
vn -0.000434 -0.014718 0.999892
vn -0.000501 -0.015443 0.999881
vn 0.996257 0.052638 0.068569
vn 0.999151 0.041193 0.000086
vn 0.896743 -0.045478 0.440209
vn 0.874782 -0.037799 0.483040
vn 0.015280 0.999882 0.001607
vn 0.015282 0.999882 0.001609
vn 0.015280 0.999882 0.001607
vn 0.015278 0.999882 0.001604
vn 0.000533 0.024396 -0.999702
vn -0.000181 -0.011251 -0.999937
vn -0.000175 -0.011951 -0.999929
vn 0.000549 0.024390 -0.999702
vn -0.968059 0.250722 0.000384
vn -0.999692 0.024831 0.000013
vn -0.999747 0.022508 0.000010
vn -0.968059 0.250722 0.000384
vn -0.000326 -0.031958 0.999489
vn -0.000310 -0.031964 0.999489
vn 0.000035 0.001967 0.999998
vn 0.000008 0.001325 0.999999
vn 0.966165 -0.257925 -0.000384
vn 0.999471 -0.032511 -0.000026
vn 0.999393 -0.034830 -0.000030
vn 0.966165 -0.257925 -0.000384
vn -0.015200 -0.999883 -0.001605
vn -0.015200 -0.999883 -0.001605
vn -0.015200 -0.999883 -0.001605
vn -0.015200 -0.999883 -0.001605
vn -0.000181 -0.011251 -0.999937
vn -0.000880 -0.047311 -0.998880
vn -0.000861 -0.047312 -0.998880
vn -0.000175 -0.011951 -0.999929
vn -0.979122 -0.203274 -0.000356
vn -0.979122 -0.203273 -0.000357
vn -0.999747 0.022508 0.000010
vn -0.999692 0.024831 0.000013
vn 0.000392 0.034885 0.999391
vn 0.000373 0.034885 0.999391
vn 0.000008 0.001325 0.999999
vn 0.000035 0.001967 0.999998
vn 0.981597 0.190963 0.000327
vn 0.981597 0.190963 0.000326
vn 0.999393 -0.034830 -0.000030
vn 0.999471 -0.032511 -0.000026
vn 0.028607 0.999589 0.001607
vn 0.028607 0.999589 0.001607
vn 0.028606 0.999589 0.001606
vn 0.028606 0.999590 0.001606
vn 0.000231 -0.002680 -0.999996
vn 0.000251 -0.002679 -0.999996
vn -0.000362 -0.002716 -0.999996
vn -0.000380 -0.002717 -0.999996
vn -0.999866 -0.016399 -0.000035
vn -0.999866 -0.016399 -0.000035
vn -0.999866 -0.016398 -0.000041
vn -0.999866 -0.016398 -0.000042
vn 0.000106 -0.007405 0.999973
vn 0.000125 -0.007406 0.999973
vn -0.000485 -0.007385 0.999973
vn -0.000502 -0.007385 0.999973
vn 0.999943 0.010704 0.000033
vn 0.999943 0.010704 0.000033
vn 0.999943 0.010703 0.000029
vn 0.999943 0.010703 0.000029
vn -0.028458 -0.999594 -0.001606
vn -0.028458 -0.999594 -0.001606
vn -0.028458 -0.999594 -0.001606
vn -0.028458 -0.999594 -0.001606
vn 0.727043 0.686590 0.001607
vn 0.727045 0.686588 0.001609
vn 0.727042 0.686591 0.001606
vn 0.727040 0.686593 0.001605
vn -0.001469 -0.001812 -0.999997
vn -0.001452 -0.001822 -0.999997
vn -0.002006 -0.001503 -0.999997
vn -0.002021 -0.001494 -0.999997
vn -0.848372 0.529400 -0.000373
vn -0.848372 0.529400 -0.000372
vn -0.848372 0.529401 -0.000378
vn -0.848372 0.529401 -0.000378
vn -0.004519 -0.004710 0.999979
vn -0.004507 -0.004718 0.999979
vn -0.005028 -0.004362 0.999978
vn -0.005039 -0.004355 0.999978
vn 0.845842 -0.533433 0.000371
vn 0.845842 -0.533433 0.000372
vn 0.845842 -0.533433 0.000365
vn 0.845842 -0.533433 0.000364
vn -0.726943 -0.686696 -0.001607
vn -0.726943 -0.686696 -0.001607
vn -0.726943 -0.686696 -0.001607
vn -0.726943 -0.686696 -0.001607
vn 0.999851 -0.001431 -0.017194
vn 0.999851 -0.001428 -0.017191
vn 0.999851 -0.001431 -0.017195
vn 0.999851 -0.001434 -0.017197
vn -0.001964 0.999998 -0.000179
vn -0.001964 0.999998 -0.000193
vn -0.001962 0.999998 0.000220
vn -0.001962 0.999998 0.000232
vn 0.051844 -0.000058 0.998655
vn 0.051844 -0.000058 0.998655
vn 0.051844 -0.000050 0.998655
vn 0.051844 -0.000050 0.998655
vn -0.005400 -0.999985 -0.000115
vn -0.005402 -0.999985 -0.000129
vn -0.005358 -0.999986 0.000280
vn -0.005357 -0.999986 0.000293
vn -0.057961 0.000058 -0.998319
vn -0.057961 0.000058 -0.998319
vn -0.057961 0.000066 -0.998319
vn -0.057961 0.000066 -0.998319
vn -0.999853 0.001429 0.017104
vn -0.999853 0.001429 0.017104
vn -0.999853 0.001429 0.017104
vn -0.999853 0.001429 0.017104
vn 0.727043 0.686590 0.001607
vn 0.727043 0.686590 0.001607
vn 0.727043 0.686590 0.001607
vn 0.727043 0.686590 0.001607
vn -0.001539 -0.001876 -0.999997
vn -0.001519 -0.001886 -0.999997
vn -0.002098 -0.001592 -0.999997
vn -0.002116 -0.001583 -0.999996
vn -0.874679 0.484703 -0.000453
vn -0.874679 0.484703 -0.000453
vn -0.874679 0.484703 -0.000456
vn -0.874679 0.484703 -0.000456
vn -0.004728 -0.004910 0.999977
vn -0.004715 -0.004918 0.999977
vn -0.005261 -0.004584 0.999976
vn -0.005272 -0.004577 0.999976
vn 0.872324 -0.488927 0.000451
vn 0.872324 -0.488927 0.000451
vn 0.872324 -0.488927 0.000447
vn 0.872324 -0.488928 0.000447
vn -0.726943 -0.686696 -0.001607
vn -0.726943 -0.686696 -0.001607
vn -0.726943 -0.686696 -0.001607
vn -0.726943 -0.686696 -0.001607
vn 0.013580 -0.001271 0.999907
vn 0.013580 -0.001271 0.999907
vn 0.013580 -0.001271 0.999907
vn 0.013580 -0.001271 0.999907
vn 0.000151 0.999997 -0.002455
vn 0.000170 0.999997 -0.002454
vn -0.000195 0.999997 -0.002485
vn -0.000211 0.999997 -0.002487
vn -0.999786 0.000045 -0.020693
vn -0.999786 0.000044 -0.020693
vn -0.999786 0.000053 -0.020693
vn -0.999786 0.000054 -0.020693
vn 0.000087 -0.999977 -0.006781
vn 0.000105 -0.999977 -0.006782
vn -0.000256 -0.999977 -0.006762
vn -0.000272 -0.999977 -0.006761
vn 0.999928 -0.000042 0.012013
vn 0.999928 -0.000043 0.012014
vn 0.999928 -0.000034 0.012013
vn 0.999928 -0.000033 0.012013
vn -0.013509 0.001269 -0.999908
vn -0.013509 0.001269 -0.999908
vn -0.013509 0.001269 -0.999908
vn -0.013509 0.001269 -0.999908
vn 0.727042 0.686591 0.001606
vn 0.727043 0.686590 0.001607
vn 0.727042 0.686591 0.001606
vn 0.727042 0.686591 0.001606
vn -0.001539 -0.001876 -0.999997
vn -0.001519 -0.001886 -0.999997
vn -0.002098 -0.001592 -0.999997
vn -0.002116 -0.001583 -0.999996
vn -0.874679 0.484703 -0.000453
vn -0.874679 0.484703 -0.000453
vn -0.874679 0.484703 -0.000456
vn -0.874679 0.484703 -0.000456
vn -0.004729 -0.004910 0.999977
vn -0.004716 -0.004917 0.999977
vn -0.005261 -0.004584 0.999976
vn -0.005272 -0.004577 0.999976
vn 0.872324 -0.488927 0.000452
vn 0.872324 -0.488927 0.000452
vn 0.872324 -0.488928 0.000446
vn 0.872324 -0.488928 0.000446
vn -0.726943 -0.686696 -0.001607
vn -0.726943 -0.686696 -0.001607
vn -0.726943 -0.686696 -0.001607
vn -0.726943 -0.686696 -0.001607
vn 1.000000 -0.000727 -0.000000
vn 1.000000 -0.000727 -0.000000
vn 1.000000 -0.000727 -0.000000
vn 1.000000 -0.000727 -0.000000
vn -0.000267 -1.000000 0.000000
vn -0.000268 -1.000000 -0.000000
vn -0.000268 -1.000000 0.000000
vn -0.000267 -1.000000 0.000000
vn 0.000000 0.000000 -1.000000
vn 0.000000 0.000000 -1.000000
vn 0.000000 0.000000 -1.000000
vn 0.000000 0.000000 -1.000000
vn 0.000267 1.000000 -0.000000
vn 0.000267 1.000000 -0.000000
vn 0.000267 1.000000 -0.000000
vn 0.000267 1.000000 -0.000000
vn 0.000000 0.000000 1.000000
vn 0.000000 0.000000 1.000000
vn 0.000000 0.000000 1.000000
vn 0.000000 0.000000 1.000000
vn 1.000000 -0.000727 -0.000000
vn 1.000000 -0.000727 -0.000000
vn 1.000000 -0.000727 -0.000000
vn 1.000000 -0.000727 -0.000000
vn 1.000000 -0.000727 -0.000000
vn 1.000000 -0.000727 -0.000000
vn 1.000000 -0.000727 -0.000000
vn 1.000000 -0.000727 -0.000000
vn 1.000000 -0.000727 -0.000000
vn 1.000000 -0.000727 -0.000000
vn 1.000000 -0.000727 -0.000000
vn 1.000000 -0.000727 -0.000000
vn 1.000000 -0.000770 -0.000014
vn 1.000000 -0.000770 -0.000014
vn 1.000000 -0.000770 -0.000014
vn 1.000000 -0.000770 -0.000014
vn 1.000000 -0.000921 -0.000001
vn 1.000000 -0.000921 -0.000001
vn 1.000000 -0.000921 -0.000001
vn 1.000000 -0.000921 -0.000001
vn 1.000000 -0.000949 -0.000000
vn 1.000000 -0.000949 -0.000000
vn 1.000000 -0.000949 -0.000000
vn 1.000000 -0.000949 -0.000000
vn 1.000000 -0.000770 0.000011
vn 1.000000 -0.000770 0.000011
vn 1.000000 -0.000770 0.000011
vn 1.000000 -0.000770 0.000011
vn 1.000000 -0.000730 -0.000000
vn 1.000000 -0.000730 -0.000000
vn 1.000000 -0.000730 -0.000000
vn 1.000000 -0.000730 -0.000000
vn 1.000000 -0.000730 -0.000000
vn 1.000000 -0.000730 -0.000000
vn 1.000000 -0.000730 -0.000000
vn 1.000000 -0.000730 -0.000000
vn 1.000000 -0.000725 -0.000000
vn 1.000000 -0.000725 -0.000000
vn 1.000000 -0.000725 -0.000000
vn 1.000000 -0.000725 -0.000000
vn 1.000000 -0.000730 -0.000000
vn 1.000000 -0.000730 -0.000000
vn 1.000000 -0.000730 -0.000000
vn 1.000000 -0.000730 -0.000000
vn 1.000000 -0.000726 -0.000000
vn 1.000000 -0.000726 -0.000000
vn 1.000000 -0.000726 -0.000000
vn 1.000000 -0.000726 -0.000000
vn 1.000000 -0.000726 0.000240
vn 1.000000 -0.000726 0.000240
vn 1.000000 -0.000726 0.000240
vn 1.000000 -0.000725 -0.000268
vn 1.000000 -0.000725 -0.000268
vn 1.000000 -0.000725 -0.000268
vn 1.000000 -0.000949 -0.000000
vn 1.000000 -0.000949 -0.000000
vn 1.000000 -0.000949 -0.000000
vn 1.000000 -0.000949 -0.000000
vn 1.000000 -0.000949 -0.000000
vn 1.000000 -0.000949 -0.000000
vn 1.000000 -0.000725 0.000268
vn 1.000000 -0.000725 0.000268
vn 1.000000 -0.000725 0.000268
vn 1.000000 -0.000726 -0.000245
vn 1.000000 -0.000726 -0.000245
vn 1.000000 -0.000726 -0.000245
vn 0.000719 1.000000 -0.000000
vn 0.000719 1.000000 -0.000000
vn 0.000719 1.000000 -0.000000
vn 0.000719 1.000000 -0.000000
vn 0.000000 0.000000 1.000000
vn 0.000000 0.000000 1.000000
vn 0.000000 0.000000 1.000000
vn 0.000000 0.000000 1.000000
vn -0.000730 -1.000000 -0.000000
vn -0.000730 -1.000000 -0.000000
vn -0.000730 -1.000000 -0.000000
vn -0.000730 -1.000000 -0.000000
vn 0.000000 0.000000 -1.000000
vn 0.000000 0.000000 -1.000000
vn 0.000000 0.000000 -1.000000
vn 0.000000 0.000000 -1.000000
vn 0.000719 1.000000 -0.000000
vn 0.000719 1.000000 -0.000000
vn 0.000719 1.000000 -0.000000
vn 0.000719 1.000000 -0.000000
vn 0.000000 0.000000 1.000000
vn 0.000000 0.000000 1.000000
vn 0.000000 0.000000 1.000000
vn 0.000000 0.000000 1.000000
vn -0.000730 -1.000000 -0.000000
vn -0.000730 -1.000000 -0.000000
vn -0.000730 -1.000000 -0.000000
vn -0.000730 -1.000000 -0.000000
vn 0.000000 0.000000 -1.000000
vn 0.000000 0.000000 -1.000000
vn 0.000000 0.000000 -1.000000
vn 0.000000 0.000000 -1.000000
vn 0.000000 0.000000 1.000000
vn 0.000000 0.000000 1.000000
vn 0.000000 0.000000 1.000000
vn 0.000000 0.000000 1.000000
vn -0.000735 -1.000000 -0.000000
vn -0.000735 -1.000000 -0.000000
vn -0.000735 -1.000000 -0.000000
vn -0.000735 -1.000000 -0.000000
vn 0.000000 0.000000 -1.000000
vn 0.000000 0.000000 -1.000000
vn 0.000000 0.000000 -1.000000
vn 0.000000 0.000000 -1.000000
vn 0.000724 1.000000 -0.000000
vn 0.000724 1.000000 -0.000000
vn 0.000724 1.000000 -0.000000
vn 0.000724 1.000000 -0.000000
vn 0.000000 0.000000 1.000000
vn 0.000000 0.000000 1.000000
vn 0.000000 0.000000 1.000000
vn 0.000000 0.000000 1.000000
vn -0.000735 -1.000000 -0.000000
vn -0.000735 -1.000000 -0.000000
vn -0.000735 -1.000000 -0.000000
vn -0.000735 -1.000000 -0.000000
vn 0.000000 0.000000 -1.000000
vn 0.000000 0.000000 -1.000000
vn 0.000000 0.000000 -1.000000
vn 0.000000 0.000000 -1.000000
vn 0.000724 1.000000 -0.000000
vn 0.000724 1.000000 -0.000000
vn 0.000724 1.000000 -0.000000
vn 0.000724 1.000000 -0.000000
vn 1.000000 -0.000919 -0.000000
vn 1.000000 -0.000919 -0.000000
vn 1.000000 -0.000919 -0.000000
vn 1.000000 -0.000923 -0.000000
vn 1.000000 -0.000923 -0.000000
vn 1.000000 -0.000923 -0.000000
vn 0.727043 0.686590 0.001607
vn 0.727045 0.686588 0.001609
vn 0.727042 0.686592 0.001606
vn 0.727040 0.686593 0.001604
vn -0.001469 -0.001812 -0.999997
vn -0.001452 -0.001822 -0.999997
vn -0.002006 -0.001503 -0.999997
vn -0.002021 -0.001494 -0.999997
vn -0.848372 0.529400 -0.000372
vn -0.848372 0.529400 -0.000372
vn -0.848372 0.529401 -0.000378
vn -0.848372 0.529401 -0.000378
vn -0.004518 -0.004710 0.999979
vn -0.004506 -0.004719 0.999979
vn -0.005025 -0.004364 0.999978
vn -0.005036 -0.004356 0.999978
vn 0.845842 -0.533433 0.000371
vn 0.845842 -0.533433 0.000372
vn 0.845842 -0.533433 0.000364
vn 0.845842 -0.533433 0.000364
vn -0.726943 -0.686696 -0.001607
vn -0.726943 -0.686696 -0.001607
vn -0.726943 -0.686696 -0.001607
vn -0.726943 -0.686696 -0.001607
vn 0.028607 0.999589 0.001607
vn 0.028607 0.999589 0.001607
vn 0.028606 0.999589 0.001606
vn 0.028606 0.999589 0.001606
vn 0.000231 -0.002680 -0.999996
vn 0.000251 -0.002679 -0.999996
vn -0.000362 -0.002716 -0.999996
vn -0.000380 -0.002717 -0.999996
vn -0.999866 -0.016399 -0.000036
vn -0.999866 -0.016399 -0.000036
vn -0.999866 -0.016398 -0.000041
vn -0.999866 -0.016398 -0.000042
vn 0.000108 -0.007405 0.999973
vn 0.000128 -0.007406 0.999973
vn -0.000488 -0.007385 0.999973
vn -0.000505 -0.007385 0.999973
vn 0.999943 0.010704 0.000034
vn 0.999943 0.010704 0.000034
vn 0.999943 0.010703 0.000030
vn 0.999943 0.010703 0.000030
vn -0.028458 -0.999594 -0.001605
vn -0.028458 -0.999594 -0.001605
vn -0.028458 -0.999594 -0.001605
vn -0.028458 -0.999594 -0.001605
vn 0.999851 -0.001430 -0.017195
vn 0.999851 -0.001428 -0.017193
vn 0.999851 -0.001430 -0.017196
vn 0.999851 -0.001432 -0.017197
vn -0.001952 0.999998 -0.000180
vn -0.001951 0.999998 -0.000195
vn -0.001977 0.999998 0.000219
vn -0.001978 0.999998 0.000232
vn -0.014626 0.000038 0.999893
vn -0.014626 0.000037 0.999893
vn -0.014626 0.000045 0.999893
vn -0.014626 0.000045 0.999893
vn -0.005392 -0.999985 -0.000115
vn -0.005393 -0.999985 -0.000129
vn -0.005377 -0.999986 0.000281
vn -0.005377 -0.999986 0.000293
vn 0.008490 -0.000037 -0.999964
vn 0.008491 -0.000037 -0.999964
vn 0.008490 -0.000028 -0.999964
vn 0.008490 -0.000028 -0.999964
vn -0.999853 0.001429 0.017104
vn -0.999853 0.001429 0.017104
vn -0.999853 0.001429 0.017104
vn -0.999853 0.001429 0.017104
vn 0.013580 -0.001271 0.999907
vn 0.013581 -0.001272 0.999907
vn 0.013580 -0.001271 0.999907
vn 0.013580 -0.001271 0.999907
vn 0.000147 0.999996 -0.002664
vn 0.000167 0.999996 -0.002663
vn -0.000195 0.999996 -0.002697
vn -0.000213 0.999996 -0.002699
vn -0.999748 0.000049 -0.022453
vn -0.999748 0.000048 -0.022453
vn -0.999748 0.000055 -0.022452
vn -0.999748 0.000056 -0.022452
vn 0.000078 -0.999973 -0.007358
vn 0.000097 -0.999973 -0.007359
vn -0.000261 -0.999973 -0.007337
vn -0.000278 -0.999973 -0.007336
vn 0.999915 -0.000043 0.013035
vn 0.999915 -0.000044 0.013035
vn 0.999915 -0.000035 0.013035
vn 0.999915 -0.000035 0.013035
vn -0.013509 0.001269 -0.999908
vn -0.013509 0.001269 -0.999908
vn -0.013509 0.001269 -0.999908
vn -0.013509 0.001269 -0.999908
vn -0.017099 0.999626 0.021335
vn -0.053670 0.998440 -0.015375
vn -0.018661 0.999630 0.019769
vn 0.965531 0.136958 -0.221344
vn 0.997818 0.066023 -0.000000
vn 0.997095 0.074958 -0.013503
vn 0.000000 0.051042 -0.998697
vn 0.000000 0.051042 -0.998697
vn 0.000000 0.051042 -0.998697
vn 0.000000 0.051042 -0.998697
vn -0.014514 0.087529 0.996056
vn -0.014514 0.087529 0.996056
vn -0.014514 0.087529 0.996056
vn -0.990603 0.132031 0.035697
vn -0.992507 0.078658 -0.093507
vn -0.993779 0.090915 -0.064324
vn -0.984692 0.151950 0.085399
vn -0.018661 0.999630 0.019769
vn 0.016500 0.998352 0.054972
vn -0.017099 0.999626 0.021335
vn 0.995335 0.094509 -0.019407
vn 0.965531 0.136958 -0.221344
vn 0.997095 0.074958 -0.013503
vn 0.995939 0.090031 -0.000000
vn 0.000000 0.115383 -0.993321
vn 0.000000 0.115383 -0.993321
vn 0.000000 0.115383 -0.993321
vn 0.000000 0.115383 -0.993321
vn -0.002597 0.079386 0.996841
vn 0.005898 0.077223 0.996996
vn -0.006190 0.080298 0.996752
vn -0.008080 0.080778 0.996699
vn -0.997272 0.067652 0.029525
vn -0.996006 0.043326 0.078076
vn -0.994429 0.099500 -0.034787
vn -0.982962 0.140387 -0.118645
vn -0.043372 0.998839 -0.020979
vn -0.043372 0.998839 -0.020979
vn -0.043372 0.998839 -0.020979
vn -0.043372 0.998839 -0.020979
vn -0.054790 0.998482 -0.005620
vn -0.054790 0.998482 -0.005620
vn -0.054790 0.998482 -0.005620
vn -0.054790 0.998482 -0.005620
vn 0.005703 0.997805 0.065975
vn 0.005703 0.997805 0.065975
vn 0.005703 0.997805 0.065975
vn 0.005703 0.997805 0.065975
vn 0.015124 0.998823 0.046087
vn 0.015124 0.998823 0.046087
vn 0.015124 0.998823 0.046087
vn 0.015124 0.998823 0.046087
vn 0.001342 -0.026867 -0.999638
vn 0.001344 -0.026871 -0.999638
vn 0.001340 -0.026861 -0.999638
vn 0.001338 -0.026857 -0.999638
vn -0.999996 -0.000269 0.002850
vn -0.999996 -0.000290 0.002849
vn -0.999996 0.000399 0.002888
vn -0.999996 0.000418 0.002889
vn -0.000029 0.999880 0.015499
vn -0.000029 0.999880 0.015499
vn -0.000030 0.999880 0.015499
vn -0.000030 0.999880 0.015499
vn 0.999969 -0.000148 0.007875
vn 0.999969 -0.000169 0.007876
vn 0.999969 0.000523 0.007854
vn 0.999969 0.000541 0.007853
vn 0.000028 -0.999949 -0.010116
vn 0.000028 -0.999949 -0.010116
vn 0.000023 -0.999949 -0.010116
vn 0.000023 -0.999949 -0.010116
vn -0.001341 0.026725 0.999642
vn -0.001341 0.026725 0.999642
vn -0.001341 0.026725 0.999642
vn -0.001341 0.026725 0.999642
vn -0.000000 0.176036 -0.984384
vn 0.046684 0.090806 -0.994774
vn -0.000000 0.176036 -0.984384
vn 0.000000 0.176036 -0.984384
vn -0.998767 0.049642 -0.000000
vn -0.998767 0.049642 0.000000
vn -0.998767 0.049642 -0.000000
vn -0.998767 0.049642 -0.000000
vn 0.000000 0.129655 0.991559
vn 0.000000 0.129656 0.991559
vn 0.000487 0.096933 0.995291
vn -0.000355 0.096867 0.995297
vn 0.991716 0.128451 -0.000000
vn 0.991716 0.128451 -0.000000
vn 0.989776 0.142617 0.002027
vn 0.990272 0.139097 -0.003569
vn -0.000000 0.044128 0.999026
vn -0.000605 0.056605 0.998397
vn -0.001108 0.057343 0.998354
vn -0.000030 0.056079 0.998426
vn -0.000355 0.096867 0.995297
vn 0.000487 0.096933 0.995291
vn 0.001414 0.057237 0.998360
vn -0.990444 0.137831 -0.004743
vn -0.990974 0.134058 0.000000
vn -0.991937 0.125155 -0.019933
vn -0.000030 0.056079 0.998426
vn -0.001108 0.057343 0.998354
vn -0.000355 0.096867 0.995297
vn -0.001108 0.057343 0.998354
vn -0.000605 0.056605 0.998397
vn -0.000355 0.096867 0.995297
vn 0.989776 0.142617 0.002027
vn 0.996286 0.084439 0.016879
vn 0.993827 0.110538 0.009482
vn 0.995921 0.089738 -0.009404
vn 0.998767 0.049642 0.000000
vn 0.990519 0.137183 -0.007230
vn 0.995921 0.089738 -0.009404
vn 0.990519 0.137183 -0.007230
vn 0.990272 0.139097 -0.003569
vn 0.990272 0.139097 -0.003569
vn 0.989776 0.142617 0.002027
vn 0.993827 0.110538 0.009482
vn 0.995921 0.089738 -0.009404
vn -0.995684 -0.092545 -0.007016
vn -0.997155 -0.075219 -0.004810
vn -0.985420 0.141885 0.093892
vn -0.985420 0.141885 0.093892
vn 0.322286 -0.161116 -0.932831
vn 0.046684 0.090806 -0.994774
vn 0.183281 -0.118733 -0.975864
vn 0.183281 -0.118733 -0.975864
vn 0.046684 0.090806 -0.994774
vn -0.028586 -0.051507 -0.998263
vn -0.998204 -0.057056 -0.018244
vn -0.998204 -0.057056 -0.018244
vn -0.998204 -0.057056 -0.018244
vn -0.997155 -0.075219 -0.004810
vn -0.997331 -0.072902 -0.004039
vn -0.998153 -0.060754 0.000000
vn -0.985420 0.141885 0.093892
vn -0.995684 -0.092545 -0.007016
vn -0.997331 -0.072902 -0.004039
vn -0.997155 -0.075219 -0.004810
vn -0.990758 0.135631 0.001916
vn -0.989015 0.144744 0.029982
vn -0.989387 0.145294 0.001593
vn -0.990758 0.135631 0.001916
vn -0.989387 0.145294 0.001593
vn -0.990444 0.137831 -0.004743
vn -0.991937 0.125155 -0.019933
vn -0.000000 0.100720 -0.994915
vn -0.000000 0.100720 -0.994915
vn -0.000000 0.100720 -0.994915
vn -0.000000 0.100720 -0.994915
vn -0.001108 0.057343 0.998354
vn -0.000030 0.056079 0.998426
vn -0.000000 0.044128 0.999026
vn -0.000030 0.056079 0.998426
vn 0.001414 0.057237 0.998360
vn 0.000000 0.044129 0.999026
vn -0.000030 0.056079 0.998426
vn 0.000000 0.044129 0.999026
vn -0.000000 0.044128 0.999026
vn 0.995921 0.089738 -0.009404
vn 0.993827 0.110538 0.009482
vn 0.998767 0.049642 0.000000
vn 0.993827 0.110538 0.009482
vn 0.996286 0.084439 0.016879
vn 0.998767 0.049642 0.000000
vn 0.003385 -0.994370 0.105910
vn 0.005277 -0.993972 0.109503
vn 0.001253 -0.994798 0.101857
vn -0.000595 -0.995152 0.098343
vn 0.004543 0.995147 -0.098297
vn -0.005927 0.992956 -0.118337
vn -0.001099 0.994030 -0.109102
vn 0.009418 0.995992 -0.088949
vn 0.999844 0.010084 0.014490
vn 0.999969 -0.007745 -0.001344
vn 0.999823 0.010985 0.015290
vn 0.999117 0.028522 0.030862
vn -0.018667 0.070893 0.997309
vn -0.024044 0.061486 0.997818
vn -0.013027 0.080747 0.996650
vn -0.007798 0.089871 0.995923
vn -0.999897 0.009901 -0.010429
vn -0.999994 -0.001155 0.003353
vn -0.999887 0.010298 -0.010924
vn -0.999480 0.021098 -0.024387
vn -0.080916 -0.996714 -0.003779
vn -0.077177 -0.996996 -0.006594
vn -0.083133 -0.996536 -0.002110
vn -0.086792 -0.996226 0.000647
vn 0.084901 0.996382 -0.003814
vn 0.069324 0.997563 0.007833
vn 0.078995 0.996875 0.000605
vn 0.094635 0.995450 -0.011103
vn -0.036278 0.012256 -0.999267
vn -0.052484 -0.002201 -0.998619
vn -0.037808 0.010892 -0.999226
vn -0.021826 0.025130 -0.999446
vn -0.994760 0.097483 0.030811
vn -0.995615 0.089884 0.025909
vn -0.994040 0.103374 0.034613
vn -0.993063 0.110784 0.039397
vn 0.043001 0.006553 0.999054
vn 0.052674 -0.005866 0.998595
vn 0.044007 0.005262 0.999017
vn 0.034528 0.017420 0.999252
vn 0.003435 -0.999962 0.007977
vn 0.005346 -0.999919 0.011583
vn 0.001274 -0.999992 0.003900
vn -0.000593 -1.000000 0.000378
vn 0.004551 0.999990 -0.000351
vn -0.006047 0.999772 -0.020493
vn -0.001168 0.999936 -0.011221
vn 0.009474 0.999915 0.009007
vn 0.999924 0.008913 0.008499
vn 0.999930 -0.007611 -0.009013
vn 0.999908 0.009773 0.009411
vn 0.999306 0.026023 0.026633
vn -0.013193 -0.006615 0.999891
vn -0.018574 -0.016026 0.999699
vn -0.007561 0.003233 0.999966
vn -0.002331 0.012376 0.999921
vn -0.999940 0.010651 -0.002485
vn -0.999948 -0.001410 0.010140
vn -0.999934 0.011121 -0.002977
vn -0.999620 0.022907 -0.015315
vn -0.003164 -0.994359 -0.106015
vn -0.004959 -0.993955 -0.109677
vn -0.001150 -0.994794 -0.101904
vn 0.000604 -0.995154 -0.098322
vn -0.004542 0.995160 0.098159
vn 0.005369 0.992936 0.118528
vn 0.000787 0.994028 0.109118
vn -0.009167 0.996022 0.088634
vn -0.998735 0.012739 -0.048652
vn -0.999448 -0.005087 -0.032835
vn -0.998684 0.013633 -0.049445
vn -0.997400 0.031164 -0.064977
vn 0.045784 0.070824 -0.996438
vn 0.051151 0.061402 -0.996802
vn 0.040152 0.080690 -0.995930
vn 0.034928 0.089827 -0.995345
vn 0.998979 0.007244 0.044598
vn 0.999517 -0.003812 0.030829
vn 0.998954 0.007638 0.045089
vn 0.998116 0.018438 0.058526
vn 0.003373 -0.982386 -0.186833
vn 0.005264 -0.983045 -0.183289
vn 0.001254 -0.981628 -0.190799
vn -0.000593 -0.980951 -0.194253
vn 0.004516 0.980938 0.194268
vn -0.005917 0.984626 0.174574
vn -0.001088 0.982982 0.183701
vn 0.009384 0.979046 0.203425
vn 0.999834 0.006476 0.017034
vn 0.999968 -0.007171 -0.003554
vn 0.999815 0.007034 0.017877
vn 0.999064 0.020450 0.038113
vn 0.026561 0.163321 -0.986215
vn 0.030076 0.157189 -0.987110
vn 0.022815 0.169844 -0.985207
vn 0.019384 0.175810 -0.984233
vn -0.999902 0.011991 -0.007210
vn -0.999994 -0.001886 0.002903
vn -0.999895 0.012420 -0.007522
vn -0.999511 0.025989 -0.017411
vn 0.003373 -0.982386 -0.186833
vn 0.005264 -0.983045 -0.183289
vn 0.001254 -0.981628 -0.190798
vn -0.000593 -0.980951 -0.194253
vn 0.004516 0.980938 0.194267
vn -0.005917 0.984626 0.174573
vn -0.001088 0.982982 0.183700
vn 0.009384 0.979046 0.203424
vn 0.999834 0.006475 0.017035
vn 0.999968 -0.007172 -0.003555
vn 0.999815 0.007034 0.017878
vn 0.999064 0.020450 0.038115
vn 0.026562 0.163321 -0.986215
vn 0.030077 0.157188 -0.987111
vn 0.022816 0.169845 -0.985207
vn 0.019384 0.175811 -0.984233
vn -0.999902 0.011991 -0.007211
vn -0.999994 -0.001887 0.002902
vn -0.999895 0.012420 -0.007524
vn -0.999511 0.025989 -0.017413
vn 0.003431 -0.995932 -0.090046
vn 0.005342 -0.996241 -0.086457
vn 0.001274 -0.995562 -0.094095
vn -0.000592 -0.995226 -0.097597
vn 0.004541 0.995214 0.097615
vn -0.006044 0.996967 0.077589
vn -0.001165 0.996223 0.086825
vn 0.009462 0.994224 0.106909
vn 0.999922 0.008246 0.009375
vn 0.999929 -0.006884 -0.009723
vn 0.999907 0.008984 0.010307
vn 0.999292 0.023860 0.029085
vn 0.021023 0.086116 -0.996063
vn 0.024541 0.079952 -0.996497
vn 0.017298 0.092635 -0.995550
vn 0.013865 0.098638 -0.995027
vn -0.999941 0.010812 -0.001438
vn -0.999948 -0.002190 0.009964
vn -0.999934 0.011297 -0.001864
vn -0.999627 0.024006 -0.013011
vn 0.006261 -0.999973 -0.003779
vn 0.010010 -0.999928 -0.006594
vn 0.004038 -0.999990 -0.002110
vn 0.000366 -1.000000 0.000647
vn -0.002263 0.999990 -0.003813
vn -0.017884 0.999809 0.007834
vn -0.008189 0.999966 0.000605
vn 0.007515 0.999910 -0.011103
vn -0.037209 0.009047 -0.999267
vn -0.052094 -0.006767 -0.998619
vn -0.038615 0.007555 -0.999226
vn -0.023934 0.023132 -0.999446
vn 0.999142 -0.006373 -0.040926
vn 0.999279 -0.018029 -0.033424
vn 0.998906 0.002582 -0.046683
vn 0.998446 0.013922 -0.053967
vn 0.042266 0.010276 0.999054
vn 0.052985 -0.001253 0.998595
vn 0.043381 0.009077 0.999017
vn 0.032879 0.020362 0.999252
vn 0.093655 -0.995600 -0.003188
vn 0.097571 -0.995213 -0.005638
vn 0.091310 -0.995821 -0.001721
vn 0.087471 -0.996167 0.000679
vn -0.089098 0.996015 -0.004025
vn -0.105468 0.994404 0.006139
vn -0.095348 0.995444 -0.000147
vn -0.078871 0.996831 -0.010364
vn 0.035603 0.012198 -0.999292
vn 0.022150 -0.004852 -0.999743
vn 0.034334 0.010588 -0.999354
vn 0.047578 0.027388 -0.998492
vn -0.995101 -0.076612 -0.062494
vn -0.994168 -0.084200 -0.067388
vn -0.995769 -0.070714 -0.058690
vn -0.996539 -0.063287 -0.053899
vn 0.995362 0.080685 0.052396
vn 0.995816 0.069029 0.059875
vn 0.994882 0.089633 0.046641
vn 0.994113 0.100949 0.039346
vn -0.032246 0.007494 0.999452
vn -0.020562 -0.003057 0.999784
vn -0.031030 0.006396 0.999498
vn -0.042465 0.016726 0.998958
vn 0.006261 -0.999973 -0.003779
vn 0.010011 -0.999928 -0.006595
vn 0.004038 -0.999990 -0.002110
vn 0.000366 -1.000000 0.000647
vn -0.002263 0.999990 -0.003814
vn -0.017884 0.999809 0.007833
vn -0.008189 0.999966 0.000605
vn 0.007516 0.999910 -0.011103
vn -0.037208 0.009047 -0.999267
vn -0.052093 -0.006767 -0.998619
vn -0.038614 0.007555 -0.999226
vn -0.023933 0.023132 -0.999446
vn -0.999471 0.010414 0.030810
vn -0.999660 0.002770 0.025908
vn -0.999267 0.016345 0.034612
vn -0.998940 0.023811 0.039396
vn 0.999142 -0.006373 -0.040927
vn 0.999279 -0.018029 -0.033425
vn 0.998906 0.002581 -0.046684
vn 0.998446 0.013921 -0.053968
vn 0.042265 0.010275 0.999054
vn 0.052984 -0.001254 0.998595
vn 0.043380 0.009077 0.999017
vn 0.032877 0.020362 0.999252
vn 0.006260 -0.999973 -0.003779
vn 0.010009 -0.999928 -0.006593
vn 0.004038 -0.999990 -0.002110
vn 0.000367 -1.000000 0.000646
vn -0.002262 0.999990 -0.003814
vn -0.017883 0.999809 0.007834
vn -0.008188 0.999966 0.000605
vn 0.007517 0.999910 -0.011104
vn -0.037208 0.009047 -0.999267
vn -0.052093 -0.006767 -0.998619
vn -0.038614 0.007555 -0.999226
vn -0.023933 0.023132 -0.999446
vn -0.999471 0.010413 0.030812
vn -0.999660 0.002769 0.025910
vn -0.999267 0.016344 0.034614
vn -0.998940 0.023810 0.039398
vn 0.999142 -0.006373 -0.040927
vn 0.999279 -0.018029 -0.033426
vn 0.998906 0.002582 -0.046685
vn 0.998446 0.013922 -0.053968
vn 0.042265 0.010276 0.999054
vn 0.052984 -0.001253 0.998595
vn 0.043380 0.009077 0.999017
vn 0.032877 0.020362 0.999252
vn 0.000000 0.154734 -0.987956
vn 0.000000 0.154734 -0.987956
vn -0.000000 0.154734 -0.987956
vn -0.000000 0.154734 -0.987956
vn 0.000000 -0.981037 -0.193820
vn 0.000000 -0.981037 -0.193821
vn 0.000000 -0.981037 -0.193821
vn 0.000000 -0.981037 -0.193820
vn -0.999920 -0.012386 -0.002447
vn -0.999920 -0.012386 -0.002447
vn -0.999920 -0.012386 -0.002447
vn -0.999920 -0.012386 -0.002447
vn 0.000000 0.981037 0.193822
vn -0.000000 0.981037 0.193821
vn -0.000000 0.981037 0.193821
vn 0.000000 0.981037 0.193822
vn 0.999859 -0.016478 -0.003256
vn 0.999859 -0.016478 -0.003256
vn 0.999859 -0.016478 -0.003256
vn 0.999859 -0.016478 -0.003256
vn -0.000000 0.154644 -0.987970
vn -0.000000 0.154644 -0.987970
vn -0.000000 0.154644 -0.987970
vn -0.000000 0.154644 -0.987970
vn -0.000013 0.154732 -0.987956
vn -0.000013 0.154732 -0.987956
vn -0.000013 0.154732 -0.987956
vn -0.000013 0.154732 -0.987956
vn 0.000000 0.154694 -0.987962
vn 0.000000 0.154694 -0.987962
vn 0.000000 0.154694 -0.987962
vn 0.000000 0.154694 -0.987962
vn 0.000013 0.154732 -0.987957
vn 0.000013 0.154732 -0.987957
vn 0.000013 0.154732 -0.987957
vn 0.000013 0.154732 -0.987957
vn -0.000000 0.985783 -0.168024
vn -0.000000 0.985783 -0.168024
vn -0.000000 0.985783 -0.168024
vn -0.000000 0.985783 -0.168024
vn 0.935570 0.067227 -0.346684
vn 0.935570 0.067227 -0.346684
vn 0.935570 0.067227 -0.346684
vn 0.935570 0.067227 -0.346684
vn -0.000000 -0.852253 -0.523130
vn -0.000000 -0.852253 -0.523130
vn -0.000000 -0.852253 -0.523130
vn -0.000000 -0.852253 -0.523130
vn -0.935568 0.071371 -0.345860
vn -0.935568 0.071371 -0.345860
vn -0.935568 0.071371 -0.345860
vn -0.935568 0.071371 -0.345860
vn 0.000000 -0.953832 -0.300342
vn 0.000000 -0.953832 -0.300342
vn 0.000000 -0.953832 -0.300342
vn 0.000000 -0.953832 -0.300342
vn -0.998705 -0.006161 -0.050507
vn -0.998705 -0.006161 -0.050507
vn -0.998705 -0.006161 -0.050507
vn -0.998705 -0.006161 -0.050507
vn 0.000000 0.996380 0.085010
vn 0.000000 0.996380 0.085010
vn 0.000000 0.996380 0.085010
vn 0.000000 0.996380 0.085010
vn 0.998621 -0.010670 -0.051398
vn 0.998621 -0.010670 -0.051398
vn 0.998621 -0.010670 -0.051398
vn 0.998621 -0.010670 -0.051398
vn 0.000000 -0.154733 0.987956
vn 0.000000 -0.154733 0.987956
vn 0.000000 -0.154733 0.987956
vn 0.000000 -0.154733 0.987956
vn 0.000000 0.154733 -0.987956
vn 0.000000 0.154733 -0.987956
vn 0.000000 0.154733 -0.987956
vn 0.000000 0.154733 -0.987956
vn 0.000000 -0.980899 -0.194520
vn 0.000000 -0.980899 -0.194520
vn 0.000000 -0.980899 -0.194520
vn 0.000000 -0.980899 -0.194520
vn -1.000000 0.000000 -0.000000
vn -1.000000 0.000000 -0.000000
vn -1.000000 0.000000 -0.000000
vn -1.000000 0.000000 -0.000000
vn 0.000000 0.980899 0.194519
vn 0.000000 0.980899 0.194519
vn 0.000000 0.980899 0.194519
vn 0.000000 0.980899 0.194519
vn 1.000000 0.000000 -0.000000
vn 1.000000 0.000000 -0.000000
vn 1.000000 0.000000 -0.000000
vn 1.000000 0.000000 -0.000000
vn 1.000000 -0.000000 0.000000
vn 1.000000 -0.000002 -0.000000
vn 1.000000 -0.000002 -0.000000
vn 1.000000 -0.000000 -0.000000
vn 0.000000 0.456756 -0.889592
vn 0.000000 0.456756 -0.889592
vn 0.000000 0.354658 -0.934996
vn 0.000000 0.354658 -0.934996
vn 1.000000 0.000001 0.000001
vn 1.000000 0.000002 0.000001
vn 1.000000 -0.000000 0.000000
vn 1.000000 -0.000000 -0.000000
vn 0.000000 0.703470 -0.710725
vn 0.000000 0.703470 -0.710725
vn 0.000000 0.631282 -0.775554
vn 0.000000 0.631282 -0.775554
vn 0.000000 1.000000 -0.000000
vn 0.000000 1.000000 -0.000000
vn 0.000000 1.000000 -0.000000
vn 0.000000 1.000000 -0.000000
vn -0.000000 0.456755 0.889592
vn -0.000000 0.354658 0.934996
vn -0.000000 0.354658 0.934996
vn -0.000000 0.456755 0.889592
vn 1.000000 0.000001 0.000001
vn 1.000000 -0.000001 0.000001
vn 1.000000 0.000002 0.000001
vn 1.000000 -0.000000 -0.000000
vn 1.000000 0.000000 -0.000000
vn 1.000000 -0.000001 -0.000000
vn 1.000000 -0.000001 0.000000
vn 1.000000 0.000001 0.000001
vn 1.000000 0.000000 0.000000
vn 1.000000 -0.000001 0.000000
vn 1.000000 0.000001 0.000001
vn 1.000000 0.000000 0.000000
vn 1.000000 0.000001 0.000000
vn 1.000000 0.000000 0.000000
vn 1.000000 0.000000 0.000000
vn 1.000000 -0.000003 0.000001
vn 1.000000 -0.000002 -0.000000
vn 1.000000 0.000001 0.000000
vn 1.000000 -0.000003 0.000001
vn 1.000000 -0.000003 -0.000001
vn 1.000000 -0.000002 -0.000000
vn 1.000000 -0.000003 -0.000001
vn 1.000000 0.000002 0.000004
vn 1.000000 0.000002 0.000003
vn 1.000000 -0.000002 -0.000000
vn 1.000000 0.000002 0.000004
vn 1.000000 0.000001 -0.000001
vn 1.000000 0.000001 -0.000000
vn 1.000000 0.000002 0.000003
vn 1.000000 0.000001 -0.000001
vn 1.000000 -0.000000 -0.000000
vn 1.000000 -0.000001 -0.000000
vn 1.000000 0.000001 -0.000000
vn 1.000000 0.000000 -0.000000
vn 1.000000 -0.000001 0.000000
vn 1.000000 -0.000001 0.000000
vn 0.000000 -1.000000 -0.000000
vn 0.074943 -0.974615 -0.210970
vn 0.000000 -0.905941 -0.423405
vn 0.074943 -0.974615 -0.210970
vn 0.506396 -0.668907 -0.544175
vn 0.365803 -0.733781 -0.572497
vn 0.000000 -0.905941 -0.423405
vn 0.506396 -0.668907 -0.544175
vn 0.398725 -0.548617 -0.734872
vn 0.409731 -0.567743 -0.713995
vn 0.365803 -0.733781 -0.572497
vn 0.398725 -0.548617 -0.734872
vn 0.385098 -0.408117 -0.827732
vn 0.392698 -0.430246 -0.812820
vn 0.409731 -0.567743 -0.713995
vn 0.385098 -0.408117 -0.827732
vn 0.633023 -0.773796 -0.022836
vn 0.641802 -0.766835 -0.007359
vn 0.392698 -0.430246 -0.812820
vn 0.633023 -0.773796 -0.022836
vn 0.399453 -0.395254 0.827171
vn 0.382579 -0.426207 0.819744
vn 0.641802 -0.766835 -0.007359
vn 0.399453 -0.395254 0.827171
vn 0.412620 -0.555139 0.722195
vn 0.383819 -0.594306 0.706741
vn 0.382579 -0.426207 0.819744
vn 0.412620 -0.555139 0.722195
vn 0.508895 -0.617544 0.599721
vn 0.582525 -0.529540 0.616646
vn 0.383819 -0.594306 0.706741
vn 0.508895 -0.617544 0.599721
vn 0.000000 -0.989286 0.145991
vn 0.130047 -0.949857 0.284359
vn 0.582525 -0.529540 0.616646
vn 0.000000 -0.989286 0.145991
vn 0.000000 -1.000000 -0.000000
vn 0.130047 -0.949857 0.284359
vn 0.000000 0.703471 0.710724
vn 0.000000 0.631282 0.775554
vn -0.000000 0.631282 0.775554
vn 0.000000 0.703470 0.710724
vn 0.000000 -0.989286 0.145991
vn 0.000000 -1.000000 -0.000000
vn 0.000000 -1.000000 -0.000000
vn 0.000000 -1.000000 -0.000000
vn -1.000000 0.000000 0.000000
vn -1.000000 -0.000000 -0.000000
vn -1.000000 -0.000001 -0.000000
vn -1.000000 -0.000001 -0.000000
vn -0.000000 0.631282 0.775554
vn 0.000000 0.631282 0.775554
vn -0.000000 0.456755 0.889592
vn -0.000000 0.456755 0.889592
vn -1.000000 0.000001 0.000001
vn -1.000000 -0.000000 -0.000000
vn -1.000000 0.000000 0.000000
vn -1.000000 0.000001 0.000001
vn 0.000000 0.456756 -0.889592
vn 0.000000 0.631282 -0.775554
vn 0.000000 0.631282 -0.775554
vn 0.000000 0.456756 -0.889592
vn -1.000000 0.000001 0.000001
vn -1.000000 0.000001 0.000001
vn -1.000000 -0.000000 0.000001
vn -1.000000 -0.000000 -0.000000
vn -1.000000 -0.000001 -0.000000
vn -1.000000 0.000000 -0.000000
vn -1.000000 -0.000001 0.000000
vn -1.000000 -0.000001 0.000000
vn -1.000000 0.000000 0.000000
vn -1.000000 0.000001 0.000001
vn -1.000000 0.000001 0.000001
vn -1.000000 0.000000 0.000000
vn -1.000000 0.000000 0.000000
vn -1.000000 0.000000 0.000000
vn -1.000000 0.000000 0.000000
vn -1.000000 0.000000 0.000000
vn -1.000000 -0.000002 -0.000000
vn -1.000000 -0.000002 0.000000
vn -1.000000 -0.000002 0.000000
vn -1.000000 -0.000002 -0.000000
vn -1.000000 -0.000002 -0.000000
vn -1.000000 -0.000002 -0.000000
vn -1.000000 -0.000002 -0.000000
vn -1.000000 0.000000 -0.000000
vn -1.000000 0.000000 -0.000000
vn -1.000000 0.000000 -0.000000
vn -1.000000 0.000000 -0.000000
vn -1.000000 0.000000 -0.000000
vn -1.000000 0.000001 -0.000001
vn -1.000000 0.000001 -0.000001
vn -1.000000 0.000000 -0.000000
vn -1.000000 -0.000001 -0.000000
vn -1.000000 -0.000000 -0.000000
vn 0.074943 -0.974615 -0.210970
vn 0.000000 -1.000000 -0.000000
vn 0.000000 -1.000000 -0.000000
vn 0.000000 -1.000000 -0.000000
vn -1.000000 0.000000 -0.000000
vn -1.000000 -0.000001 0.000000
vn -1.000000 -0.000001 0.000000
vn 0.246455 -0.968243 0.042007
vn 1.000000 0.000000 -0.000000
vn 0.009518 -0.979684 -0.200321
vn -0.172859 -0.945605 0.275594
vn -0.172859 -0.945605 0.275594
vn 0.009518 -0.979684 -0.200321
vn -0.193493 -0.937568 0.289009
vn 0.000000 -1.000000 -0.000000
vn 0.000000 -1.000000 -0.000000
vn 0.000000 -1.000000 -0.000000
vn -0.211512 -0.775073 -0.595420
vn 0.000000 -0.641457 -0.767159
vn -0.253906 -0.794284 -0.551946
vn -0.384123 -0.834231 -0.395610
vn -0.691135 -0.605701 -0.394281
vn -0.567975 -0.578989 -0.584959
vn -0.409731 -0.567743 -0.713995
vn -0.398725 -0.548617 -0.734872
vn -0.398725 -0.548617 -0.734872
vn -0.409731 -0.567743 -0.713995
vn -0.392992 -0.428815 -0.813434
vn -0.372471 -0.406248 -0.834403
vn -0.372471 -0.406248 -0.834403
vn -0.392992 -0.428815 -0.813434
vn -0.077969 -0.996331 -0.035293
vn -0.080107 -0.996136 -0.036003
vn -0.080107 -0.996136 -0.036003
vn -0.077969 -0.996331 -0.035293
vn -0.373984 -0.410908 0.831439
vn -0.403671 -0.371899 0.835908
vn -0.403671 -0.371899 0.835908
vn -0.373984 -0.410908 0.831439
vn -0.383819 -0.594306 0.706741
vn -0.412619 -0.555139 0.722195
vn -0.412619 -0.555139 0.722195
vn -0.383819 -0.594306 0.706741
vn -0.553275 -0.557900 0.618575
vn -0.716028 -0.572680 0.399176
vn -0.300866 -0.775656 0.554830
vn -0.597370 -0.514427 0.615235
vn -0.244904 -0.808245 0.535502
vn 0.000000 -0.903550 0.428483
vn 0.000000 -1.000000 -0.000000
vn 0.000000 -1.000000 -0.000000
vn 0.000000 -1.000000 -0.000000
vn 0.009518 -0.979684 -0.200321
vn -0.000000 -0.975589 -0.219602
vn -0.193493 -0.937568 0.289009
vn 0.009518 -0.979684 -0.200321
vn 0.000000 -0.903551 -0.428480
vn -0.000000 -0.903550 -0.428483
vn -0.000000 -0.975589 -0.219602
vn 0.882547 -0.470225 -0.000000
vn 0.882547 -0.470225 -0.000000
vn 0.882547 -0.470225 -0.000000
vn 0.882547 -0.470225 -0.000000
vn 0.897747 -0.398024 -0.188752
vn 0.897747 -0.398024 -0.188751
vn 0.897747 -0.398024 -0.188752
vn 0.897747 -0.398024 -0.188752
vn 0.000000 -0.470199 0.882560
vn 0.000000 -0.470199 0.882560
vn 0.000000 -0.470199 0.882560
vn 0.000000 -0.470199 0.882560
vn -0.850670 -0.474997 -0.225252
vn -0.850670 -0.474996 -0.225252
vn -0.850670 -0.474997 -0.225252
vn -0.850669 -0.474998 -0.225252
vn -0.691135 -0.605701 -0.394281
vn -0.716028 -0.572680 0.399176
vn -0.830373 -0.557208 -0.000000
vn -0.830373 -0.557208 -0.000000
vn -0.850670 -0.474997 0.225252
vn -0.850670 -0.474997 0.225253
vn -0.850670 -0.474997 0.225252
vn -0.850670 -0.474997 0.225251
vn 0.000000 -0.470199 -0.882560
vn 0.000000 -0.470199 -0.882560
vn 0.000000 -0.470199 -0.882560
vn 0.000000 -0.470199 -0.882560
vn 0.897747 -0.398024 0.188752
vn 0.897747 -0.398024 0.188752
vn 0.897747 -0.398024 0.188752
vn 0.897747 -0.398024 0.188752
vn 0.360821 0.842682 0.399618
vn 0.360821 0.842682 0.399618
vn 0.360821 0.842682 0.399618
vn 0.360821 0.842682 0.399618
vn -0.042670 -0.451210 0.891397
vn -0.042670 -0.451210 0.891397
vn -0.042670 -0.451210 0.891397
vn -0.042670 -0.451210 0.891397
vn -0.360821 -0.842683 -0.399617
vn -0.360821 -0.842683 -0.399617
vn -0.360821 -0.842683 -0.399617
vn -0.360821 -0.842683 -0.399617
vn 0.014308 0.384975 -0.922816
vn 0.014308 0.384975 -0.922816
vn 0.014308 0.384975 -0.922816
vn 0.014308 0.384975 -0.922816
vn -0.438021 0.812259 0.385191
vn -0.438021 0.812259 0.385191
vn -0.438021 0.812259 0.385191
vn -0.438021 0.812259 0.385191
vn -0.016476 0.382046 -0.923997
vn -0.016476 0.382046 -0.923997
vn -0.016476 0.382046 -0.923997
vn -0.016476 0.382046 -0.923997
vn 0.438022 -0.812259 -0.385191
vn 0.438022 -0.812259 -0.385191
vn 0.438022 -0.812259 -0.385191
vn 0.438022 -0.812259 -0.385191
vn 0.049139 -0.442643 0.895350
vn 0.049139 -0.442643 0.895350
vn 0.049139 -0.442643 0.895350
vn 0.049139 -0.442643 0.895350
vn -0.438021 0.812259 -0.385191
vn -0.438021 0.812259 -0.385191
vn -0.438021 0.812259 -0.385191
vn -0.438021 0.812259 -0.385191
vn 0.049138 -0.442644 -0.895350
vn 0.049138 -0.442644 -0.895350
vn 0.049138 -0.442644 -0.895350
vn 0.049138 -0.442644 -0.895350
vn 0.438022 -0.812259 0.385191
vn 0.438022 -0.812259 0.385191
vn 0.438022 -0.812259 0.385191
vn 0.438022 -0.812259 0.385191
vn -0.016476 0.382046 0.923996
vn -0.016476 0.382046 0.923996
vn -0.016476 0.382046 0.923996
vn -0.016476 0.382046 0.923996
vn 0.360821 0.842682 -0.399618
vn 0.360821 0.842682 -0.399618
vn 0.360821 0.842682 -0.399618
vn 0.360821 0.842682 -0.399618
vn 0.014308 0.384975 0.922816
vn 0.014308 0.384975 0.922816
vn 0.014308 0.384975 0.922816
vn 0.014308 0.384975 0.922816
vn -0.360821 -0.842683 0.399617
vn -0.360821 -0.842683 0.399617
vn -0.360821 -0.842683 0.399617
vn -0.360821 -0.842683 0.399617
vn -0.042670 -0.451210 -0.891397
vn -0.042670 -0.451210 -0.891397
vn -0.042670 -0.451210 -0.891397
vn -0.042670 -0.451210 -0.891397
vn -0.061395 -0.721723 0.689454
vn -0.061394 -0.721723 0.689454
vn -0.061395 -0.721723 0.689454
vn -0.061395 -0.721723 0.689453
vn 0.061395 0.721723 -0.689454
vn 0.061394 0.721723 -0.689454
vn 0.061395 0.721723 -0.689454
vn 0.061395 0.721723 -0.689453
vn -0.033447 -0.600128 -0.799204
vn -0.033448 -0.600132 -0.799202
vn -0.033448 -0.600131 -0.799202
vn -0.033447 -0.600128 -0.799204
vn -0.997229 0.072612 -0.016194
vn -0.997229 0.072614 -0.016196
vn -0.997229 0.072614 -0.016196
vn -0.997229 0.072612 -0.016193
vn 0.033448 0.600128 0.799204
vn 0.033447 0.600132 0.799202
vn 0.033447 0.600131 0.799202
vn 0.033448 0.600127 0.799205
vn 0.997229 -0.072612 0.016194
vn 0.997229 -0.072614 0.016196
vn 0.997229 -0.072614 0.016195
vn 0.997229 -0.072612 0.016194
vn -0.060162 -0.592220 0.803527
vn -0.060161 -0.592220 0.803528
vn -0.060162 -0.592220 0.803527
vn -0.060162 -0.592220 0.803527
vn 0.060161 0.592220 -0.803528
vn 0.060161 0.592220 -0.803528
vn 0.060161 0.592220 -0.803528
vn 0.060161 0.592220 -0.803527
vn -0.034137 -0.729063 -0.683595
vn -0.034138 -0.729066 -0.683592
vn -0.034138 -0.729065 -0.683592
vn -0.034137 -0.729062 -0.683595
vn -0.997161 0.069005 -0.030134
vn -0.997161 0.069005 -0.030133
vn -0.997161 0.069005 -0.030133
vn -0.997161 0.069005 -0.030134
vn 0.034137 0.729062 0.683596
vn 0.034137 0.729062 0.683596
vn 0.034137 0.729062 0.683596
vn 0.034137 0.729062 0.683596
vn 0.997161 -0.069007 0.030136
vn 0.997161 -0.069005 0.030134
vn 0.997161 -0.069005 0.030134
vn 0.997161 -0.069007 0.030136
vn -0.110112 -0.781136 0.614575
vn -0.110112 -0.781136 0.614575
vn -0.110112 -0.781136 0.614575
vn -0.110112 -0.781136 0.614575
vn 0.110112 0.781136 -0.614574
vn 0.110112 0.781136 -0.614574
vn 0.110112 0.781136 -0.614574
vn 0.110112 0.781136 -0.614574
vn 0.032590 -0.530813 -0.846862
vn 0.032590 -0.530812 -0.846863
vn 0.032590 -0.530812 -0.846863
vn 0.032590 -0.530813 -0.846862
vn -0.991576 0.073504 -0.106652
vn -0.991576 0.073504 -0.106652
vn -0.991576 0.073504 -0.106652
vn -0.991576 0.073504 -0.106652
vn -0.032590 0.530818 0.846859
vn -0.032590 0.530818 0.846859
vn -0.032590 0.530818 0.846859
vn -0.032590 0.530818 0.846859
vn 0.991576 -0.073505 0.106651
vn 0.991576 -0.073504 0.106651
vn 0.991576 -0.073504 0.106651
vn 0.991576 -0.073505 0.106651
vn -0.064914 -0.463505 0.883713
vn -0.064914 -0.463505 0.883713
vn -0.064914 -0.463505 0.883713
vn -0.064914 -0.463505 0.883713
vn 0.064914 0.463505 -0.883713
vn 0.064913 0.463505 -0.883714
vn 0.064914 0.463505 -0.883713
vn 0.064915 0.463505 -0.883713
vn 0.048915 -0.834127 -0.549399
vn 0.048914 -0.834130 -0.549395
vn 0.048914 -0.834129 -0.549396
vn 0.048915 -0.834126 -0.549400
vn -0.995197 -0.007587 -0.097603
vn -0.995197 -0.007588 -0.097599
vn -0.995197 -0.007588 -0.097600
vn -0.995196 -0.007587 -0.097603
vn -0.048913 0.834127 0.549400
vn -0.048914 0.834130 0.549395
vn -0.048914 0.834130 0.549395
vn -0.048913 0.834126 0.549401
vn 0.995197 0.007587 0.097603
vn 0.995196 0.007587 0.097603
vn 0.995196 0.007587 0.097603
vn 0.995197 0.007587 0.097603
vn -0.002453 -0.658458 0.752614
vn -0.002454 -0.658458 0.752613
vn -0.002453 -0.658458 0.752614
vn -0.002453 -0.658458 0.752614
vn 0.002453 0.658458 -0.752614
vn 0.002453 0.658458 -0.752614
vn 0.002453 0.658458 -0.752614
vn 0.002454 0.658458 -0.752613
vn -0.091434 -0.667085 -0.739349
vn -0.091434 -0.667086 -0.739348
vn -0.091434 -0.667086 -0.739348
vn -0.091434 -0.667085 -0.739349
vn -0.994680 0.071042 0.074593
vn -0.994680 0.071042 0.074593
vn -0.994680 0.071042 0.074593
vn -0.994680 0.071042 0.074593
vn 0.091435 0.667085 0.739349
vn 0.091435 0.667085 0.739349
vn 0.091435 0.667085 0.739349
vn 0.091435 0.667086 0.739349
vn 0.994680 -0.071043 -0.074592
vn 0.994680 -0.071044 -0.074591
vn 0.994680 -0.071044 -0.074591
vn 0.994680 -0.071043 -0.074592
vn -0.065494 -0.534927 0.842356
vn -0.065494 -0.534927 0.842356
vn -0.065494 -0.534927 0.842356
vn -0.065494 -0.534927 0.842356
vn 0.065494 0.534928 -0.842355
vn 0.065494 0.534928 -0.842355
vn 0.065494 0.534928 -0.842355
vn 0.065494 0.534928 -0.842355
vn 0.048438 -0.780730 -0.622989
vn 0.048438 -0.780730 -0.622988
vn 0.048438 -0.780730 -0.622988
vn 0.048438 -0.780729 -0.622989
vn -0.995189 0.000001 -0.097973
vn -0.995189 -0.000000 -0.097972
vn -0.995189 -0.000000 -0.097972
vn -0.995189 0.000001 -0.097973
vn -0.048438 0.780734 0.622984
vn -0.048438 0.780733 0.622984
vn -0.048438 0.780733 0.622984
vn -0.048438 0.780734 0.622984
vn 0.995189 0.000000 0.097972
vn 0.995189 0.000000 0.097972
vn 0.995189 0.000000 0.097972
vn 0.995189 0.000000 0.097972
vn -0.061395 -0.721723 0.689454
vn -0.061394 -0.721723 0.689454
vn -0.061395 -0.721723 0.689454
vn -0.061395 -0.721723 0.689453
vn 0.061395 0.721723 -0.689454
vn 0.061394 0.721723 -0.689454
vn 0.061395 0.721723 -0.689453
vn 0.061396 0.721724 -0.689453
vn -0.033447 -0.600129 -0.799204
vn -0.033448 -0.600132 -0.799202
vn -0.033448 -0.600131 -0.799202
vn -0.033447 -0.600128 -0.799204
vn -0.997229 0.072613 -0.016195
vn -0.997229 0.072614 -0.016196
vn -0.997229 0.072614 -0.016196
vn -0.997229 0.072613 -0.016195
vn 0.033448 0.600128 0.799204
vn 0.033447 0.600131 0.799202
vn 0.033447 0.600130 0.799203
vn 0.033448 0.600128 0.799204
vn 0.997229 -0.072612 0.016194
vn 0.997229 -0.072611 0.016193
vn 0.997229 -0.072611 0.016194
vn 0.997229 -0.072612 0.016194
vn 0.060161 -0.592220 -0.803527
vn 0.060161 -0.592220 -0.803528
vn 0.060161 -0.592220 -0.803528
vn 0.060162 -0.592220 -0.803527
vn -0.060161 0.592220 0.803527
vn -0.060161 0.592220 0.803527
vn -0.060161 0.592220 0.803527
vn -0.060161 0.592220 0.803527
vn 0.034137 -0.729061 0.683596
vn 0.034137 -0.729061 0.683597
vn 0.034137 -0.729061 0.683597
vn 0.034137 -0.729061 0.683596
vn 0.997161 0.069005 0.030134
vn 0.997161 0.069007 0.030137
vn 0.997161 0.069007 0.030137
vn 0.997161 0.069005 0.030133
vn -0.034137 0.729066 -0.683591
vn -0.034137 0.729066 -0.683592
vn -0.034137 0.729066 -0.683592
vn -0.034137 0.729066 -0.683591
vn -0.997161 -0.069005 -0.030134
vn -0.997161 -0.069007 -0.030136
vn -0.997161 -0.069007 -0.030136
vn -0.997161 -0.069005 -0.030134
vn 0.110112 -0.781136 -0.614575
vn 0.110112 -0.781136 -0.614574
vn 0.110112 -0.781136 -0.614575
vn 0.110111 -0.781136 -0.614575
vn -0.110112 0.781136 0.614574
vn -0.110112 0.781136 0.614574
vn -0.110112 0.781136 0.614574
vn -0.110112 0.781136 0.614574
vn -0.032589 -0.530818 0.846859
vn -0.032591 -0.530814 0.846862
vn -0.032591 -0.530814 0.846861
vn -0.032589 -0.530818 0.846859
vn 0.991576 0.073504 0.106651
vn 0.991576 0.073505 0.106651
vn 0.991576 0.073505 0.106651
vn 0.991576 0.073504 0.106651
vn 0.032589 0.530818 -0.846859
vn 0.032589 0.530819 -0.846858
vn 0.032589 0.530819 -0.846858
vn 0.032589 0.530818 -0.846859
vn -0.991576 -0.073505 -0.106652
vn -0.991575 -0.073508 -0.106654
vn -0.991575 -0.073507 -0.106654
vn -0.991576 -0.073504 -0.106652
vn 0.002453 -0.658458 -0.752614
vn 0.002454 -0.658458 -0.752613
vn 0.002454 -0.658458 -0.752614
vn 0.002453 -0.658458 -0.752614
vn -0.002453 0.658458 0.752614
vn -0.002453 0.658458 0.752614
vn -0.002454 0.658458 0.752614
vn -0.002454 0.658458 0.752613
vn 0.091434 -0.667086 0.739349
vn 0.091434 -0.667086 0.739349
vn 0.091434 -0.667086 0.739349
vn 0.091434 -0.667086 0.739349
vn 0.994680 0.071043 -0.074592
vn 0.994680 0.071043 -0.074592
vn 0.994680 0.071043 -0.074592
vn 0.994680 0.071043 -0.074592
vn -0.091435 0.667085 -0.739349
vn -0.091435 0.667085 -0.739349
vn -0.091435 0.667085 -0.739349
vn -0.091435 0.667085 -0.739349
vn -0.994680 -0.071043 0.074592
vn -0.994680 -0.071043 0.074592
vn -0.994680 -0.071043 0.074592
vn -0.994680 -0.071043 0.074592
vn 0.065494 -0.534927 -0.842356
vn 0.065494 -0.534927 -0.842356
vn 0.065494 -0.534927 -0.842356
vn 0.065494 -0.534927 -0.842356
vn -0.065494 0.534928 0.842355
vn -0.065494 0.534928 0.842355
vn -0.065494 0.534928 0.842355
vn -0.065494 0.534928 0.842355
vn -0.048438 -0.780730 0.622989
vn -0.048438 -0.780730 0.622989
vn -0.048438 -0.780730 0.622989
vn -0.048438 -0.780730 0.622989
vn 0.995189 -0.000000 0.097972
vn 0.995189 -0.000000 0.097972
vn 0.995189 -0.000000 0.097972
vn 0.995189 -0.000000 0.097972
vn 0.048438 0.780734 -0.622984
vn 0.048438 0.780733 -0.622984
vn 0.048438 0.780733 -0.622984
vn 0.048438 0.780734 -0.622984
vn -0.995189 0.000000 -0.097972
vn -0.995189 0.000000 -0.097972
vn -0.995189 0.000000 -0.097972
vn -0.995189 0.000000 -0.097972
vn 0.061395 -0.721723 -0.689454
vn 0.061394 -0.721723 -0.689454
vn 0.061395 -0.721723 -0.689454
vn 0.061395 -0.721723 -0.689453
vn -0.061395 0.721723 0.689454
vn -0.061394 0.721723 0.689454
vn -0.061395 0.721723 0.689454
vn -0.061395 0.721724 0.689453
vn 0.033447 -0.600128 0.799204
vn 0.033448 -0.600130 0.799203
vn 0.033448 -0.600130 0.799203
vn 0.033447 -0.600128 0.799204
vn 0.997229 0.072614 0.016197
vn 0.997229 0.072613 0.016195
vn 0.997229 0.072613 0.016195
vn 0.997229 0.072614 0.016197
vn -0.033448 0.600128 -0.799204
vn -0.033447 0.600132 -0.799202
vn -0.033447 0.600131 -0.799202
vn -0.033448 0.600127 -0.799205
vn -0.997229 -0.072612 -0.016194
vn -0.997229 -0.072611 -0.016193
vn -0.997229 -0.072611 -0.016194
vn -0.997229 -0.072612 -0.016194
vn 0.064914 -0.463505 -0.883713
vn 0.064914 -0.463504 -0.883714
vn 0.064914 -0.463505 -0.883714
vn 0.064914 -0.463505 -0.883713
vn -0.064914 0.463505 0.883713
vn -0.064914 0.463504 0.883714
vn -0.064914 0.463505 0.883713
vn -0.064915 0.463505 0.883713
vn -0.048915 -0.834127 0.549400
vn -0.048914 -0.834130 0.549395
vn -0.048914 -0.834129 0.549396
vn -0.048915 -0.834126 0.549400
vn 0.995197 -0.007589 0.097600
vn 0.995197 -0.007588 0.097601
vn 0.995197 -0.007588 0.097601
vn 0.995197 -0.007589 0.097600
vn 0.048913 0.834127 -0.549399
vn 0.048915 0.834134 -0.549389
vn 0.048914 0.834133 -0.549391
vn 0.048913 0.834126 -0.549401
vn -0.995197 0.007588 -0.097601
vn -0.995197 0.007589 -0.097600
vn -0.995197 0.007589 -0.097600
vn -0.995197 0.007588 -0.097601
# 1859 vertex normals

vt 0.462643 0.340734 0.000000
vt 0.461492 0.205733 0.000000
vt 0.643164 0.205733 0.000000
vt 0.007756 0.622218 0.000000
vt 0.002000 0.566480 0.000000
vt 0.183738 0.566480 0.000000
vt 0.005614 0.762573 0.000000
vt 0.002000 0.706750 0.000000
vt 0.147343 0.706750 0.000000
vt 0.143728 0.762573 0.000000
vt 0.844745 0.002000 0.000000
vt 0.655408 0.004745 0.000000
vt 0.836378 0.002000 0.000000
vt 0.979752 0.004738 0.000000
vt 0.830610 0.057857 0.000000
vt 0.656813 0.032805 0.000000
vt 0.643164 0.350805 0.000000
vt 0.413103 0.532292 0.000000
vt 0.232583 0.397291 0.000000
vt 0.183738 0.698383 0.000000
vt 0.002000 0.698383 0.000000
vt 0.995671 0.339017 0.000000
vt 0.995687 0.350401 0.000000
vt 0.147343 0.838852 0.000000
vt 0.002000 0.838852 0.000000
vt 0.480581 0.727883 0.000000
vt 0.480496 0.715974 0.000000
vt 0.986216 0.032730 0.000000
vt 0.655408 0.131439 0.000000
vt 0.836378 0.134184 0.000000
vt 0.844745 0.133862 0.000000
vt 0.494942 0.956956 0.000000
vt 0.494940 0.963430 0.000000
vt 0.413103 0.387220 0.000000
vt 0.231431 0.532292 0.000000
vt 0.979752 0.131124 0.000000
vt 0.834657 0.175512 0.000000
vt 0.825122 0.175514 0.000000
vt 0.462891 0.946002 0.000000
vt 0.475012 0.946003 0.000000
vt 0.475013 0.957433 0.000000
vt 0.462891 0.957435 0.000000
vt 0.211746 0.820882 0.000000
vt 0.002000 0.951000 0.000000
vt 0.002163 0.940271 0.000000
vt 0.149619 0.936953 0.000000
vt 0.222475 0.820880 0.000000
vt 0.719647 0.691736 0.000000
vt 0.719631 0.681618 0.000000
vt 0.867103 0.680656 0.000000
vt 0.222475 0.830997 0.000000
vt 0.231594 0.866197 0.000000
vt 0.231431 0.855468 0.000000
vt 0.378865 0.857394 0.000000
vt 0.211746 0.830995 0.000000
vt 0.231431 0.971839 0.000000
vt 0.231447 0.961727 0.000000
vt 0.378888 0.961373 0.000000
vt 0.483507 0.925426 0.000000
vt 0.495628 0.925428 0.000000
vt 0.495629 0.936857 0.000000
vt 0.483507 0.936859 0.000000
vt 0.540312 0.715878 0.000000
vt 0.560175 0.629137 0.000000
vt 0.560338 0.618408 0.000000
vt 0.706551 0.615090 0.000000
vt 0.551041 0.715876 0.000000
vt 0.560191 0.772358 0.000000
vt 0.560175 0.762241 0.000000
vt 0.706405 0.761278 0.000000
vt 0.551041 0.725993 0.000000
vt 0.002163 0.970096 0.000000
vt 0.002000 0.959367 0.000000
vt 0.148189 0.961292 0.000000
vt 0.540312 0.725991 0.000000
vt 0.560175 0.791542 0.000000
vt 0.560191 0.781429 0.000000
vt 0.706387 0.781075 0.000000
vt 0.405936 0.695716 0.000000
vt 0.412409 0.695718 0.000000
vt 0.412409 0.708580 0.000000
vt 0.405936 0.708583 0.000000
vt 0.520640 0.681635 0.000000
vt 0.560175 0.863392 0.000000
vt 0.560332 0.857663 0.000000
vt 0.702761 0.855523 0.000000
vt 0.520638 0.675905 0.000000
vt 0.560190 0.671895 0.000000
vt 0.560175 0.660511 0.000000
vt 0.702609 0.659428 0.000000
vt 0.532023 0.675905 0.000000
vt 0.841422 0.821299 0.000000
vt 0.841580 0.827028 0.000000
vt 0.699172 0.825631 0.000000
vt 0.532021 0.681635 0.000000
vt 0.373857 0.900201 0.000000
vt 0.373842 0.911580 0.000000
vt 0.231431 0.911978 0.000000
vt 0.175239 0.879185 0.000000
vt 0.200448 0.884315 0.000000
vt 0.145238 0.884315 0.000000
vt 0.170644 0.879185 0.000000
vt 0.798571 0.142551 0.000000
vt 0.835667 0.142551 0.000000
vt 0.835667 0.155763 0.000000
vt 0.798571 0.155763 0.000000
vt 0.151590 0.867996 0.000000
vt 0.157990 0.936953 0.000000
vt 0.145238 0.847219 0.000000
vt 0.151590 0.863913 0.000000
vt 0.194293 0.863913 0.000000
vt 0.200448 0.847219 0.000000
vt 0.959749 0.520698 0.000000
vt 0.194293 0.867996 0.000000
vt 0.170644 0.852349 0.000000
vt 0.210924 0.765425 0.000000
vt 0.175239 0.852349 0.000000
vt 0.175239 0.863913 0.000000
vt 0.980443 0.966696 0.000000
vt 0.969253 0.966696 0.000000
vt 0.541922 0.959255 0.000000
vt 0.530732 0.959255 0.000000
vt 0.995161 0.359851 0.000000
vt 0.995161 0.371414 0.000000
vt 0.410406 0.940141 0.000000
vt 0.410406 0.951704 0.000000
vt 0.928205 0.990384 0.000000
vt 0.551737 0.947525 0.000000
vt 0.540547 0.947525 0.000000
vt 0.917016 0.990384 0.000000
vt 0.222622 0.959367 0.000000
vt 0.221590 0.752213 0.000000
vt 0.221590 0.763777 0.000000
vt 0.222622 0.970930 0.000000
vt 0.969253 0.964397 0.000000
vt 0.980443 0.964397 0.000000
vt 0.530732 0.956956 0.000000
vt 0.541922 0.956956 0.000000
vt 0.992862 0.371414 0.000000
vt 0.992862 0.359851 0.000000
vt 0.408107 0.951704 0.000000
vt 0.408107 0.940141 0.000000
vt 0.917016 0.988085 0.000000
vt 0.540547 0.945226 0.000000
vt 0.551737 0.945226 0.000000
vt 0.928205 0.988085 0.000000
vt 0.220323 0.970930 0.000000
vt 0.219291 0.763777 0.000000
vt 0.219291 0.752213 0.000000
vt 0.220323 0.959367 0.000000
vt 0.387255 0.972562 0.000000
vt 0.387255 0.961373 0.000000
vt 0.406310 0.961373 0.000000
vt 0.406310 0.972562 0.000000
vt 0.526448 0.853646 0.000000
vt 0.526448 0.842083 0.000000
vt 0.545502 0.842083 0.000000
vt 0.545502 0.853646 0.000000
vt 0.386300 0.981173 0.000000
vt 0.405355 0.981173 0.000000
vt 0.405355 0.992362 0.000000
vt 0.386300 0.992362 0.000000
vt 0.799041 0.972907 0.000000
vt 0.818096 0.972907 0.000000
vt 0.818096 0.984470 0.000000
vt 0.799041 0.984470 0.000000
vt 0.538460 0.884299 0.000000
vt 0.550581 0.884301 0.000000
vt 0.550582 0.895730 0.000000
vt 0.538460 0.895732 0.000000
vt 0.212190 0.795415 0.000000
vt 0.831451 0.397932 0.000000
vt 0.830793 0.387220 0.000000
vt 0.919901 0.400905 0.000000
vt 0.714935 0.626341 0.000000
vt 0.714918 0.616071 0.000000
vt 0.806421 0.617584 0.000000
vt 0.806439 0.628520 0.000000
vt 0.222920 0.795413 0.000000
vt 0.951382 0.525432 0.000000
vt 0.950304 0.536110 0.000000
vt 0.861343 0.541075 0.000000
vt 0.605603 0.362128 0.000000
vt 0.605734 0.372101 0.000000
vt 0.513406 0.376536 0.000000
vt 0.514444 0.364290 0.000000
vt 0.920601 0.412312 0.000000
vt 0.856903 0.615090 0.000000
vt 0.972199 0.388030 0.000000
vt 0.461640 0.370447 0.000000
vt 0.856922 0.626692 0.000000
vt 0.861803 0.535614 0.000000
vt 0.808831 0.532762 0.000000
vt 0.461492 0.359172 0.000000
vt 0.441263 0.966503 0.000000
vt 0.453385 0.966505 0.000000
vt 0.453385 0.977934 0.000000
vt 0.441264 0.977936 0.000000
vt 0.421471 0.878269 0.000000
vt 0.232090 0.808033 0.000000
vt 0.231431 0.797320 0.000000
vt 0.320726 0.813279 0.000000
vt 0.560192 0.650708 0.000000
vt 0.560175 0.640383 0.000000
vt 0.652728 0.637504 0.000000
vt 0.652746 0.648499 0.000000
vt 0.432200 0.878267 0.000000
vt 0.605465 0.163129 0.000000
vt 0.604388 0.173807 0.000000
vt 0.514471 0.186946 0.000000
vt 0.853551 0.454294 0.000000
vt 0.853569 0.443978 0.000000
vt 0.946246 0.446185 0.000000
vt 0.946228 0.457174 0.000000
vt 0.321426 0.824687 0.000000
vt 0.702390 0.639396 0.000000
vt 0.372862 0.798216 0.000000
vt 0.995873 0.443622 0.000000
vt 0.702410 0.651061 0.000000
vt 0.515619 0.175575 0.000000
vt 0.462899 0.170544 0.000000
vt 0.995854 0.455285 0.000000
vt 0.987459 0.761278 0.000000
vt 0.987457 0.767752 0.000000
vt 0.976026 0.767752 0.000000
vt 0.976024 0.761278 0.000000
vt 0.493623 0.971797 0.000000
vt 0.699160 0.927698 0.000000
vt 0.699323 0.921969 0.000000
vt 0.829777 0.919829 0.000000
vt 0.493625 0.977527 0.000000
vt 0.861702 0.711534 0.000000
vt 0.861686 0.701418 0.000000
vt 0.992147 0.700455 0.000000
vt 0.483507 0.977527 0.000000
vt 0.560338 0.925558 0.000000
vt 0.560175 0.919829 0.000000
vt 0.690607 0.921225 0.000000
vt 0.483509 0.971797 0.000000
vt 0.560175 0.829626 0.000000
vt 0.560191 0.819513 0.000000
vt 0.690626 0.819159 0.000000
vt 0.208815 0.889500 0.000000
vt 0.208827 0.883025 0.000000
vt 0.220255 0.883043 0.000000
vt 0.220247 0.889518 0.000000
vt 0.987727 0.171328 0.000000
vt 0.868067 0.725701 0.000000
vt 0.866495 0.731213 0.000000
vt 0.715268 0.727909 0.000000
vt 0.987716 0.165597 0.000000
vt 0.710790 0.648547 0.000000
vt 0.710777 0.638431 0.000000
vt 0.862037 0.637504 0.000000
vt 0.997833 0.165581 0.000000
vt 0.718115 0.806444 0.000000
vt 0.716761 0.800875 0.000000
vt 0.867824 0.802781 0.000000
vt 0.997839 0.171312 0.000000
vt 0.710994 0.669929 0.000000
vt 0.711007 0.659817 0.000000
vt 0.862083 0.659428 0.000000
vt 0.943652 0.741479 0.000000
vt 0.943649 0.752251 0.000000
vt 0.930789 0.752252 0.000000
vt 0.930786 0.741479 0.000000
vt 0.221463 0.909500 0.000000
vt 0.434542 0.187756 0.000000
vt 0.434735 0.197290 0.000000
vt 0.232921 0.194363 0.000000
vt 0.806595 0.473903 0.000000
vt 0.806611 0.485294 0.000000
vt 0.604914 0.486377 0.000000
vt 0.604896 0.473509 0.000000
vt 0.211928 0.909502 0.000000
vt 0.996152 0.316932 0.000000
vt 0.995942 0.326465 0.000000
vt 0.794097 0.330256 0.000000
vt 0.560175 0.562371 0.000000
vt 0.560191 0.550983 0.000000
vt 0.761901 0.550584 0.000000
vt 0.761882 0.563459 0.000000
vt 0.543665 0.768295 0.000000
vt 0.550140 0.768307 0.000000
vt 0.550122 0.779735 0.000000
vt 0.543647 0.779727 0.000000
vt 0.825133 0.189628 0.000000
vt 0.708394 0.800875 0.000000
vt 0.706822 0.806387 0.000000
vt 0.560175 0.810792 0.000000
vt 0.825122 0.183896 0.000000
vt 0.706605 0.711497 0.000000
vt 0.706592 0.701381 0.000000
vt 0.853304 0.700455 0.000000
vt 0.835238 0.183881 0.000000
vt 0.561951 0.878991 0.000000
vt 0.560175 0.873542 0.000000
vt 0.706651 0.871759 0.000000
vt 0.835245 0.189612 0.000000
vt 0.231431 0.991676 0.000000
vt 0.231444 0.981563 0.000000
vt 0.377933 0.981173 0.000000
vt 0.551796 0.791721 0.000000
vt 0.551794 0.803843 0.000000
vt 0.538933 0.803843 0.000000
vt 0.538931 0.791722 0.000000
vt 0.443104 0.194321 0.000000
vt 0.991231 0.420679 0.000000
vt 0.991087 0.431408 0.000000
vt 0.830793 0.434726 0.000000
vt 0.975288 0.473903 0.000000
vt 0.975303 0.485287 0.000000
vt 0.814995 0.486370 0.000000
vt 0.814978 0.473509 0.000000
vt 0.231576 0.843783 0.000000
vt 0.231431 0.833055 0.000000
vt 0.391704 0.834980 0.000000
vt 0.391869 0.847101 0.000000
vt 0.443102 0.183592 0.000000
vt 0.794097 0.371628 0.000000
vt 0.794112 0.360249 0.000000
vt 0.954392 0.359851 0.000000
vt 0.462891 0.972277 0.000000
vt 0.462903 0.965802 0.000000
vt 0.474331 0.965819 0.000000
vt 0.474323 0.972294 0.000000
vt 0.981687 0.844706 0.000000
vt 0.863011 0.761278 0.000000
vt 0.861439 0.766790 0.000000
vt 0.714791 0.771195 0.000000
vt 0.981676 0.838975 0.000000
vt 0.560188 0.732724 0.000000
vt 0.560175 0.722608 0.000000
vt 0.706886 0.721683 0.000000
vt 0.991793 0.838959 0.000000
vt 0.722912 0.846191 0.000000
vt 0.721136 0.840742 0.000000
vt 0.867612 0.838959 0.000000
vt 0.991799 0.844690 0.000000
vt 0.560175 0.751982 0.000000
vt 0.560188 0.741870 0.000000
vt 0.706676 0.741479 0.000000
vt 0.185711 0.738716 0.000000
vt 0.210920 0.743846 0.000000
vt 0.155710 0.743846 0.000000
vt 0.181117 0.738716 0.000000
vt 0.408863 0.687349 0.000000
vt 0.162062 0.727527 0.000000
vt 0.155710 0.706750 0.000000
vt 0.162062 0.723444 0.000000
vt 0.156746 0.959367 0.000000
vt 0.211956 0.959409 0.000000
vt 0.211952 0.972621 0.000000
vt 0.156742 0.972578 0.000000
vt 0.204766 0.723444 0.000000
vt 0.210920 0.706750 0.000000
vt 0.192805 0.787046 0.000000
vt 0.204766 0.727527 0.000000
vt 0.199105 0.994992 0.000000
vt 0.143895 0.995035 0.000000
vt 0.143892 0.981823 0.000000
vt 0.199102 0.981781 0.000000
vt 0.875828 0.993065 0.000000
vt 0.887017 0.993065 0.000000
vt 0.941830 0.986877 0.000000
vt 0.953019 0.986877 0.000000
vt 0.505608 0.979392 0.000000
vt 0.505608 0.990955 0.000000
vt 0.845932 0.871773 0.000000
vt 0.837563 0.874072 0.000000
vt 0.854136 0.993434 0.000000
vt 0.966616 0.975077 0.000000
vt 0.977805 0.975077 0.000000
vt 0.865326 0.993434 0.000000
vt 0.970940 0.952315 0.000000
vt 0.219681 0.687714 0.000000
vt 0.219681 0.676151 0.000000
vt 0.805163 0.905906 0.000000
vt 0.887017 0.995364 0.000000
vt 0.875828 0.995364 0.000000
vt 0.953019 0.989176 0.000000
vt 0.941830 0.989176 0.000000
vt 0.503309 0.990955 0.000000
vt 0.503309 0.979392 0.000000
vt 0.864986 0.871759 0.000000
vt 0.818509 0.874058 0.000000
vt 0.865326 0.995733 0.000000
vt 0.977805 0.977376 0.000000
vt 0.966616 0.977376 0.000000
vt 0.854136 0.995733 0.000000
vt 0.989995 0.952301 0.000000
vt 0.221980 0.676151 0.000000
vt 0.221980 0.687714 0.000000
vt 0.786109 0.905892 0.000000
vt 0.391074 0.931535 0.000000
vt 0.391074 0.920345 0.000000
vt 0.410129 0.920345 0.000000
vt 0.410129 0.931535 0.000000
vt 0.471409 0.875604 0.000000
vt 0.471409 0.864041 0.000000
vt 0.490464 0.864041 0.000000
vt 0.490464 0.875604 0.000000
vt 0.931913 0.721683 0.000000
vt 0.950967 0.721683 0.000000
vt 0.950967 0.732873 0.000000
vt 0.931913 0.732873 0.000000
vt 0.468788 0.884299 0.000000
vt 0.487843 0.884299 0.000000
vt 0.487843 0.895862 0.000000
vt 0.468788 0.895862 0.000000
vt 0.441263 0.992778 0.000000
vt 0.441275 0.986303 0.000000
vt 0.452704 0.986321 0.000000
vt 0.452696 0.992796 0.000000
vt 0.983363 0.806622 0.000000
vt 0.867842 0.745497 0.000000
vt 0.866270 0.751009 0.000000
vt 0.715043 0.747705 0.000000
vt 0.983352 0.800891 0.000000
vt 0.231445 0.931388 0.000000
vt 0.231431 0.921272 0.000000
vt 0.382692 0.920345 0.000000
vt 0.993468 0.800875 0.000000
vt 0.561529 0.844528 0.000000
vt 0.560175 0.838959 0.000000
vt 0.711237 0.840865 0.000000
vt 0.993475 0.806607 0.000000
vt 0.560175 0.691157 0.000000
vt 0.560188 0.681045 0.000000
vt 0.711264 0.680656 0.000000
vt 0.483509 0.963430 0.000000
vt 0.483507 0.956956 0.000000
vt 0.222919 0.805530 0.000000
vt 0.212190 0.805528 0.000000
vt 0.473007 0.980662 0.000000
vt 0.560175 0.911462 0.000000
vt 0.560338 0.905733 0.000000
vt 0.690794 0.903593 0.000000
vt 0.473010 0.986392 0.000000
vt 0.714771 0.792155 0.000000
vt 0.714755 0.782038 0.000000
vt 0.845215 0.781075 0.000000
vt 0.462891 0.986392 0.000000
vt 0.560338 0.941794 0.000000
vt 0.560175 0.936065 0.000000
vt 0.690606 0.937461 0.000000
vt 0.462893 0.980662 0.000000
vt 0.853601 0.791542 0.000000
vt 0.853617 0.781429 0.000000
vt 0.984053 0.781075 0.000000
vt 0.938427 0.761278 0.000000
vt 0.938425 0.772051 0.000000
vt 0.925564 0.772051 0.000000
vt 0.925562 0.761279 0.000000
vt 0.825122 0.164130 0.000000
vt 0.761902 0.571826 0.000000
vt 0.761739 0.581361 0.000000
vt 0.560175 0.584309 0.000000
vt 0.794115 0.351484 0.000000
vt 0.794097 0.338623 0.000000
vt 0.231449 0.899114 0.000000
vt 0.530093 0.884372 0.000000
vt 0.834657 0.164132 0.000000
vt 0.971829 0.553533 0.000000
vt 0.971992 0.563067 0.000000
vt 0.770453 0.561356 0.000000
vt 0.002000 0.909896 0.000000
vt 0.002016 0.898517 0.000000
vt 0.203561 0.898119 0.000000
vt 0.203542 0.910983 0.000000
vt 0.413101 0.833055 0.000000
vt 0.413099 0.845176 0.000000
vt 0.400238 0.845176 0.000000
vt 0.400236 0.833055 0.000000
vt 0.401254 0.752847 0.000000
vt 0.971474 0.494744 0.000000
vt 0.971329 0.505473 0.000000
vt 0.823604 0.508791 0.000000
vt 0.864157 0.593071 0.000000
vt 0.864171 0.604455 0.000000
vt 0.716429 0.605538 0.000000
vt 0.716413 0.592677 0.000000
vt 0.560320 0.603405 0.000000
vt 0.560175 0.592676 0.000000
vt 0.707881 0.594602 0.000000
vt 0.708045 0.606723 0.000000
vt 0.401252 0.742118 0.000000
vt 0.231431 0.889659 0.000000
vt 0.231446 0.878280 0.000000
vt 0.379157 0.877882 0.000000
vt 0.196642 0.583741 0.000000
vt 0.196510 0.571975 0.000000
vt 0.208383 0.571969 0.000000
vt 0.062858 0.854288 0.000000
vt 0.136870 0.858071 0.000000
vt 0.136870 0.878722 0.000000
vt 0.716232 0.150385 0.000000
vt 0.790204 0.155892 0.000000
vt 0.790204 0.179982 0.000000
vt 0.716232 0.184876 0.000000
vt 0.651532 0.345869 0.000000
vt 0.977725 0.148055 0.000000
vt 0.979349 0.168443 0.000000
vt 0.653270 0.323476 0.000000
vt 0.905401 0.174999 0.000000
vt 0.916566 0.145107 0.000000
vt 0.208379 0.584683 0.000000
vt 0.002000 0.889752 0.000000
vt 0.002000 0.847219 0.000000
vt 0.729256 0.903710 0.000000
vt 0.749927 0.903593 0.000000
vt 0.655408 0.192167 0.000000
vt 0.655408 0.142551 0.000000
vt 0.399627 0.779651 0.000000
vt 0.399811 0.767412 0.000000
vt 0.714413 0.316932 0.000000
vt 0.844945 0.142229 0.000000
vt 0.844745 0.184353 0.000000
vt 0.785685 0.363322 0.000000
vt 0.201189 0.785897 0.000000
vt 0.201173 0.773923 0.000000
vt 0.785730 0.317061 0.000000
vt 0.877988 0.838959 0.000000
vt 0.918413 0.838959 0.000000
vt 0.192357 0.588907 0.000000
vt 0.192105 0.566480 0.000000
vt 0.212720 0.566480 0.000000
vt 0.212720 0.590541 0.000000
vt 0.414731 0.034552 0.000000
vt 0.454532 0.038581 0.000000
vt 0.454532 0.157603 0.000000
vt 0.414731 0.162807 0.000000
vt 0.405489 0.719409 0.000000
vt 0.411963 0.719411 0.000000
vt 0.411963 0.732273 0.000000
vt 0.405489 0.732275 0.000000
vt 0.421473 0.902481 0.000000
vt 0.560175 0.895226 0.000000
vt 0.560328 0.889497 0.000000
vt 0.698354 0.887358 0.000000
vt 0.560190 0.712922 0.000000
vt 0.560175 0.701538 0.000000
vt 0.698208 0.700455 0.000000
vt 0.698225 0.713316 0.000000
vt 0.421471 0.896751 0.000000
vt 0.987974 0.821299 0.000000
vt 0.988127 0.827028 0.000000
vt 0.850121 0.825631 0.000000
vt 0.432856 0.896751 0.000000
vt 0.369455 0.941228 0.000000
vt 0.369440 0.952607 0.000000
vt 0.231431 0.953006 0.000000
vt 0.002000 0.197366 0.000000
vt 0.002000 0.002000 0.000000
vt 0.184445 0.026681 0.000000
vt 0.253149 0.220935 0.000000
vt 0.231431 0.263885 0.000000
vt 0.231431 0.205733 0.000000
vt 0.183400 0.231621 0.000000
vt 0.223064 0.236758 0.000000
vt 0.223064 0.370224 0.000000
vt 0.183400 0.375441 0.000000
vt 0.247202 0.174584 0.000000
vt 0.257186 0.153928 0.000000
vt 0.241670 0.111072 0.000000
vt 0.232704 0.175225 0.000000
vt 0.184445 0.171329 0.000000
vt 0.248619 0.206492 0.000000
vt 0.224336 0.058312 0.000000
vt 0.232704 0.002000 0.000000
vt 0.413348 0.346321 0.000000
vt 0.002000 0.205733 0.000000
vt 0.016448 0.206451 0.000000
vt 0.949864 0.804148 0.000000
vt 0.014465 0.247490 0.000000
vt 0.929204 0.804804 0.000000
vt 0.008529 0.300506 0.000000
vt 0.019139 0.399129 0.000000
vt 0.231431 0.378853 0.000000
vt 0.002000 0.399981 0.000000
vt 0.211314 0.689111 0.000000
vt 0.929473 0.801531 0.000000
vt 0.192378 0.690373 0.000000
vt 0.192105 0.677296 0.000000
vt 0.413348 0.218143 0.000000
vt 0.211032 0.676151 0.000000
vt 0.453125 0.223344 0.000000
vt 0.453125 0.310242 0.000000
vt 0.413348 0.218143 0.000000
vt 0.950134 0.800875 0.000000
vt 0.854136 0.985067 0.000000
vt 0.453125 0.348309 0.000000
vt 0.224336 0.039596 0.000000
vt 0.224336 0.024437 0.000000
vt 0.224336 0.166162 0.000000
vt 0.453125 0.338251 0.000000
vt 0.169300 0.826023 0.000000
vt 0.168679 0.838165 0.000000
vt 0.155710 0.837690 0.000000
vt 0.156269 0.825784 0.000000
vt 0.854437 0.972911 0.000000
vt 0.867397 0.973016 0.000000
vt 0.867185 0.984934 0.000000
vt 0.981993 0.276756 0.000000
vt 0.854136 0.964540 0.000000
vt 0.451304 0.830589 0.000000
vt 0.854320 0.952301 0.000000
vt 0.450962 0.817584 0.000000
vt 0.377823 0.951708 0.000000
vt 0.378216 0.940141 0.000000
vt 0.399740 0.940298 0.000000
vt 0.399476 0.952125 0.000000
vt 0.469253 0.842710 0.000000
vt 0.490599 0.842083 0.000000
vt 0.490561 0.853715 0.000000
vt 0.469230 0.854238 0.000000
vt 0.529378 0.896501 0.000000
vt 0.971141 0.671487 0.000000
vt 0.208638 0.981781 0.000000
vt 0.220811 0.982877 0.000000
vt 0.219428 0.994478 0.000000
vt 0.971049 0.659583 0.000000
vt 0.992355 0.659428 0.000000
vt 0.517838 0.896192 0.000000
vt 0.518485 0.884299 0.000000
vt 0.867122 0.692086 0.000000
vt 0.992639 0.671618 0.000000
vt 0.207472 0.993577 0.000000
vt 0.387727 0.869514 0.000000
vt 0.387417 0.856488 0.000000
vt 0.406504 0.855468 0.000000
vt 0.406943 0.868758 0.000000
vt 0.500015 0.805292 0.000000
vt 0.481059 0.804815 0.000000
vt 0.481755 0.791721 0.000000
vt 0.500691 0.792374 0.000000
vt 0.981444 0.604759 0.000000
vt 0.997297 0.473893 0.000000
vt 0.740932 0.986451 0.000000
vt 0.740883 0.974454 0.000000
vt 0.759812 0.974259 0.000000
vt 0.996764 0.486122 0.000000
vt 0.983670 0.485508 0.000000
vt 0.982803 0.592677 0.000000
vt 0.995704 0.593911 0.000000
vt 0.994454 0.605764 0.000000
vt 0.760130 0.986410 0.000000
vt 0.983979 0.473509 0.000000
vt 0.441263 0.875633 0.000000
vt 0.441576 0.864041 0.000000
vt 0.463042 0.864090 0.000000
vt 0.462861 0.875932 0.000000
vt 0.509147 0.817380 0.000000
vt 0.530439 0.816858 0.000000
vt 0.530321 0.828520 0.000000
vt 0.509044 0.828912 0.000000
vt 0.896497 0.952301 0.000000
vt 0.382317 0.911232 0.000000
vt 0.875832 0.972855 0.000000
vt 0.888066 0.973006 0.000000
vt 0.887826 0.984669 0.000000
vt 0.382225 0.899319 0.000000
vt 0.403502 0.899114 0.000000
vt 0.908648 0.952554 0.000000
vt 0.908543 0.964087 0.000000
vt 0.896629 0.963895 0.000000
vt 0.403785 0.911347 0.000000
vt 0.875828 0.984698 0.000000
vt 0.962853 0.372338 0.000000
vt 0.962759 0.360761 0.000000
vt 0.984260 0.359851 0.000000
vt 0.984495 0.371682 0.000000
vt 0.215161 0.192808 0.000000
vt 0.193848 0.194012 0.000000
vt 0.193484 0.182384 0.000000
vt 0.214788 0.181285 0.000000
vt 0.475140 0.925498 0.000000
vt 0.501783 0.715876 0.000000
vt 0.981268 0.239963 0.000000
vt 0.993447 0.241052 0.000000
vt 0.992064 0.252654 0.000000
vt 0.502072 0.728072 0.000000
vt 0.720249 0.939774 0.000000
vt 0.474433 0.937634 0.000000
vt 0.462891 0.937326 0.000000
vt 0.463542 0.925426 0.000000
vt 0.699158 0.939251 0.000000
vt 0.980103 0.251752 0.000000
vt 0.193484 0.013538 0.000000
vt 0.193880 0.002000 0.000000
vt 0.215541 0.002183 0.000000
vt 0.215275 0.013951 0.000000
vt 0.509082 0.792378 0.000000
vt 0.530564 0.791721 0.000000
vt 0.530526 0.803349 0.000000
vt 0.509058 0.803822 0.000000
vt 0.510934 0.875890 0.000000
vt 0.453565 0.945948 0.000000
vt 0.478926 0.828765 0.000000
vt 0.478909 0.816870 0.000000
vt 0.500349 0.816858 0.000000
vt 0.452965 0.958136 0.000000
vt 0.441263 0.957938 0.000000
vt 0.498831 0.875611 0.000000
vt 0.499430 0.864041 0.000000
vt 0.511298 0.864262 0.000000
vt 0.500676 0.828860 0.000000
vt 0.441676 0.945985 0.000000
vt 0.387524 0.889420 0.000000
vt 0.387921 0.877882 0.000000
vt 0.409581 0.878065 0.000000
vt 0.409316 0.889833 0.000000
vt 0.510463 0.716533 0.000000
vt 0.531945 0.715876 0.000000
vt 0.531907 0.727504 0.000000
vt 0.510439 0.727977 0.000000
vt 0.480937 0.916755 0.000000
vt 0.888129 0.952301 0.000000
vt 0.483722 0.780203 0.000000
vt 0.483704 0.768308 0.000000
vt 0.505145 0.768295 0.000000
vt 0.887529 0.964488 0.000000
vt 0.875828 0.964290 0.000000
vt 0.468834 0.916475 0.000000
vt 0.469433 0.904905 0.000000
vt 0.481302 0.905126 0.000000
vt 0.505472 0.780297 0.000000
vt 0.876240 0.952338 0.000000
vt 0.768849 0.963883 0.000000
vt 0.769162 0.952301 0.000000
vt 0.790674 0.952358 0.000000
vt 0.790492 0.964181 0.000000
vt 0.513943 0.768827 0.000000
vt 0.535280 0.768295 0.000000
vt 0.535162 0.779957 0.000000
vt 0.513839 0.780332 0.000000
vt 0.538507 0.737518 0.000000
vt 0.551018 0.829139 0.000000
vt 0.222508 0.773835 0.000000
vt 0.222832 0.785939 0.000000
vt 0.917050 0.842712 0.000000
vt 0.538806 0.828522 0.000000
vt 0.539251 0.816858 0.000000
vt 0.550588 0.738711 0.000000
vt 0.549352 0.750192 0.000000
vt 0.537502 0.749077 0.000000
vt 0.879351 0.842712 0.000000
vt 0.551232 0.817286 0.000000
vt 0.372076 0.781486 0.000000
vt 0.371767 0.768444 0.000000
vt 0.390822 0.767412 0.000000
vt 0.391260 0.780729 0.000000
vt 0.460188 0.855674 0.000000
vt 0.441263 0.855184 0.000000
vt 0.441958 0.842083 0.000000
vt 0.460863 0.842719 0.000000
vt 0.441263 0.937581 0.000000
vt 0.799133 0.964425 0.000000
vt 0.412917 0.767652 0.000000
vt 0.412951 0.779656 0.000000
vt 0.945680 0.193376 0.000000
vt 0.799041 0.952506 0.000000
vt 0.817955 0.952301 0.000000
vt 0.441564 0.925426 0.000000
vt 0.454524 0.925531 0.000000
vt 0.454312 0.937449 0.000000
vt 0.818199 0.964540 0.000000
vt 0.966340 0.192720 0.000000
vt 0.470069 0.816858 0.000000
vt 0.470542 0.830150 0.000000
vt 0.780638 0.858796 0.000000
vt 0.759977 0.859452 0.000000
vt 0.760247 0.856180 0.000000
vt 0.780907 0.855523 0.000000
vt 0.859234 0.923539 0.000000
vt 0.838144 0.923016 0.000000
vt 0.983219 0.264580 0.000000
vt 0.499001 0.854119 0.000000
vt 0.996272 0.265963 0.000000
vt 0.978782 0.649737 0.000000
vt 0.978767 0.637754 0.000000
vt 0.997704 0.637504 0.000000
vt 0.995258 0.277921 0.000000
vt 0.432200 0.888384 0.000000
vt 0.498966 0.842206 0.000000
vt 0.517886 0.842083 0.000000
vt 0.421471 0.888382 0.000000
vt 0.768941 0.984672 0.000000
vt 0.768849 0.972753 0.000000
vt 0.998000 0.649659 0.000000
vt 0.518081 0.854317 0.000000
vt 0.787763 0.972548 0.000000
vt 0.531394 0.704432 0.000000
vt 0.531085 0.691390 0.000000
vt 0.550140 0.690358 0.000000
vt 0.550578 0.703675 0.000000
vt 0.730177 0.990875 0.000000
vt 0.711253 0.990385 0.000000
vt 0.711948 0.977284 0.000000
vt 0.730852 0.977920 0.000000
vt 0.867427 0.952541 0.000000
vt 0.441355 0.896423 0.000000
vt 0.826566 0.985060 0.000000
vt 0.826579 0.964442 0.000000
vt 0.826566 0.952440 0.000000
vt 0.845495 0.952301 0.000000
vt 0.826749 0.972822 0.000000
vt 0.839856 0.973061 0.000000
vt 0.441263 0.884504 0.000000
vt 0.460177 0.884299 0.000000
vt 0.867460 0.964544 0.000000
vt 0.844745 0.192720 0.000000
vt 0.937044 0.192923 0.000000
vt 0.845769 0.964454 0.000000
vt 0.460421 0.896538 0.000000
vt 0.839890 0.985065 0.000000
vt 0.456153 0.782369 0.000000
vt 0.455844 0.769327 0.000000
vt 0.474899 0.768295 0.000000
vt 0.475337 0.781612 0.000000
vt 0.759807 0.965891 0.000000
vt 0.740883 0.965401 0.000000
vt 0.741578 0.952301 0.000000
vt 0.760482 0.952937 0.000000
vt 0.496210 0.896454 0.000000
vt 0.788007 0.984788 0.000000
vt 0.936432 0.196921 0.000000
vt 0.441277 0.917046 0.000000
vt 0.441263 0.905045 0.000000
vt 0.460193 0.904905 0.000000
vt 0.845017 0.196719 0.000000
vt 0.736816 0.887474 0.000000
vt 0.870450 0.659428 0.000000
vt 0.962682 0.662844 0.000000
vt 0.496510 0.884299 0.000000
vt 0.509470 0.884404 0.000000
vt 0.509258 0.896321 0.000000
vt 0.460467 0.917059 0.000000
vt 0.962253 0.666829 0.000000
vt 0.757486 0.887358 0.000000
vt 0.871072 0.254503 0.000000
vt 0.871072 0.207019 0.000000
vt 0.873699 0.210570 0.000000
vt 0.873699 0.250951 0.000000
vt 0.560175 0.952301 0.000000
vt 0.607826 0.952301 0.000000
vt 0.607826 0.965575 0.000000
vt 0.560175 0.965575 0.000000
vt 0.421471 0.690358 0.000000
vt 0.522682 0.694106 0.000000
vt 0.522718 0.707509 0.000000
vt 0.421507 0.703761 0.000000
vt 0.472129 0.729150 0.000000
vt 0.421471 0.729150 0.000000
vt 0.421471 0.715876 0.000000
vt 0.472129 0.715876 0.000000
vt 0.972041 0.285860 0.000000
vt 0.871072 0.277889 0.000000
vt 0.872656 0.264580 0.000000
vt 0.973626 0.272551 0.000000
vt 0.651532 0.373926 0.000000
vt 0.970424 0.684476 0.000000
vt 0.877722 0.800875 0.000000
vt 0.746455 0.371689 0.000000
vt 0.745366 0.375553 0.000000
vt 0.875489 0.685643 0.000000
vt 0.920837 0.800875 0.000000
vt 0.653139 0.377709 0.000000
vt 0.717027 0.871759 0.000000
vt 0.755351 0.871759 0.000000
vt 0.421471 0.680281 0.000000
vt 0.421471 0.643013 0.000000
vt 0.996741 0.721683 0.000000
vt 0.996741 0.724061 0.000000
vt 0.989115 0.724061 0.000000
vt 0.989115 0.721683 0.000000
vt 0.528067 0.967636 0.000000
vt 0.535694 0.967636 0.000000
vt 0.535694 0.970015 0.000000
vt 0.528067 0.970015 0.000000
vt 0.995841 0.781075 0.000000
vt 0.995841 0.788729 0.000000
vt 0.992420 0.788729 0.000000
vt 0.992420 0.781075 0.000000
vt 0.223004 0.737242 0.000000
vt 0.222733 0.739619 0.000000
vt 0.219288 0.739367 0.000000
vt 0.219559 0.736990 0.000000
vt 0.996632 0.575248 0.000000
vt 0.988978 0.575248 0.000000
vt 0.988978 0.571826 0.000000
vt 0.996632 0.571826 0.000000
vt 0.548395 0.671991 0.000000
vt 0.548389 0.674384 0.000000
vt 0.544938 0.674236 0.000000
vt 0.544944 0.671844 0.000000
vt 0.755153 0.875706 0.000000
vt 0.717225 0.875706 0.000000
vt 0.751610 0.859522 0.000000
vt 0.711128 0.859522 0.000000
vt 0.604896 0.494744 0.000000
vt 0.010158 0.919350 0.000000
vt 0.651532 0.308564 0.000000
vt 0.216766 0.408348 0.000000
vt 0.604896 0.435255 0.000000
vt 0.216766 0.459070 0.000000
vt 0.651532 0.248315 0.000000
vt 0.002000 0.459070 0.000000
vt 0.383175 0.797320 0.000000
vt 0.770269 0.579394 0.000000
vt 0.862704 0.248315 0.000000
vt 0.002000 0.408348 0.000000
vt 0.289720 0.675563 0.000000
vt 0.357083 0.788953 0.000000
vt 0.314372 0.780871 0.000000
vt 0.276391 0.716938 0.000000
vt 0.269839 0.779110 0.000000
vt 0.256638 0.756889 0.000000
vt 0.231431 0.786896 0.000000
vt 0.397657 0.798452 0.000000
vt 0.615563 0.158480 0.000000
vt 0.770269 0.571826 0.000000
vt 0.980611 0.571826 0.000000
vt 0.613054 0.503980 0.000000
vt 0.871072 0.297753 0.000000
vt 0.885764 0.295661 0.000000
vt 0.921146 0.750424 0.000000
vt 0.007248 0.987378 0.000000
vt 0.046502 0.983015 0.000000
vt 0.048826 0.991917 0.000000
vt 0.987716 0.157214 0.000000
vt 0.002000 0.928586 0.000000
vt 0.980611 0.579394 0.000000
vt 0.406490 0.665770 0.000000
vt 0.397254 0.665770 0.000000
vt 0.392050 0.659546 0.000000
vt 0.231431 0.665770 0.000000
vt 0.273648 0.623118 0.000000
vt 0.277751 0.627338 0.000000
vt 0.245871 0.659546 0.000000
vt 0.297559 0.587107 0.000000
vt 0.302283 0.590391 0.000000
vt 0.315177 0.540659 0.000000
vt 0.318961 0.547371 0.000000
vt 0.322744 0.540659 0.000000
vt 0.340363 0.587107 0.000000
vt 0.335639 0.590391 0.000000
vt 0.364274 0.623118 0.000000
vt 0.360170 0.627338 0.000000
vt 0.240667 0.665770 0.000000
vt 0.421471 0.512331 0.000000
vt 0.435911 0.506106 0.000000
vt 0.430706 0.512331 0.000000
vt 0.596529 0.512331 0.000000
vt 0.582089 0.506106 0.000000
vt 0.550209 0.473898 0.000000
vt 0.554313 0.469679 0.000000
vt 0.525678 0.436952 0.000000
vt 0.421471 0.633360 0.000000
vt 0.449895 0.601152 0.000000
vt 0.523383 0.601152 0.000000
vt 0.551807 0.633360 0.000000
vt 0.530402 0.433668 0.000000
vt 0.509000 0.393444 0.000000
vt 0.512783 0.387220 0.000000
vt 0.505216 0.387220 0.000000
vt 0.492322 0.436952 0.000000
vt 0.487598 0.433668 0.000000
vt 0.467790 0.473898 0.000000
vt 0.463687 0.469679 0.000000
vt 0.473868 0.564205 0.000000
vt 0.499410 0.564205 0.000000
vt 0.587293 0.512331 0.000000
vt 0.920301 0.919843 0.000000
vt 0.939354 0.919829 0.000000
vt 0.939356 0.922128 0.000000
vt 0.982453 0.205733 0.000000
vt 0.920302 0.922142 0.000000
vt 0.911932 0.922142 0.000000
vt 0.892877 0.922128 0.000000
vt 0.486639 0.520698 0.000000
vt 0.604896 0.503980 0.000000
vt 0.807079 0.503980 0.000000
vt 0.870420 0.647041 0.000000
vt 0.216766 0.502107 0.000000
vt 0.216766 0.558113 0.000000
vt 0.973077 0.593471 0.000000
vt 0.970764 0.602342 0.000000
vt 0.002000 0.558113 0.000000
vt 0.925802 0.601730 0.000000
vt 0.002000 0.502107 0.000000
vt 0.877717 0.730556 0.000000
vt 0.892879 0.919829 0.000000
vt 0.604896 0.387220 0.000000
vt 0.862704 0.308564 0.000000
vt 0.876434 0.721683 0.000000
vt 0.651532 0.205733 0.000000
vt 0.870934 0.638927 0.000000
vt 0.862704 0.205733 0.000000
vt 0.996956 0.206554 0.000000
vt 0.911933 0.919843 0.000000
vt 0.879969 0.305633 0.000000
vt 0.002000 0.919350 0.000000
vt 0.204182 0.919350 0.000000
vt 0.421471 0.782796 0.000000
vt 0.647040 0.150112 0.000000
vt 0.871889 0.305842 0.000000
vt 0.988126 0.142337 0.000000
vt 0.002000 0.996577 0.000000
vt 0.090442 0.981781 0.000000
vt 0.092981 0.990843 0.000000
vt 0.882357 0.750550 0.000000
vt 0.462899 0.150112 0.000000
vt 0.397568 0.697446 0.000000
vt 0.421471 0.843728 0.000000
vt 0.397122 0.719409 0.000000
vt 0.219535 0.207499 0.000000
vt 0.628528 0.443622 0.000000
vt 0.397054 0.711042 0.000000
vt 0.928821 0.294227 0.000000
vt 0.646976 0.965882 0.000000
vt 0.865289 0.615090 0.000000
vt 0.995626 0.615090 0.000000
vt 0.522988 0.641727 0.000000
vt 0.536571 0.642496 0.000000
vt 0.925910 0.303378 0.000000
vt 0.996277 0.142229 0.000000
vt 0.397103 0.733013 0.000000
vt 0.217713 0.219117 0.000000
vt 0.396454 0.823770 0.000000
vt 0.371767 0.709311 0.000000
vt 0.372281 0.695716 0.000000
vt 0.994606 0.231596 0.000000
vt 0.193189 0.396420 0.000000
vt 0.647782 0.952301 0.000000
vt 0.672928 0.952859 0.000000
vt 0.422331 0.768295 0.000000
vt 0.447477 0.768854 0.000000
vt 0.534221 0.667538 0.000000
vt 0.221659 0.874658 0.000000
vt 0.630079 0.159028 0.000000
vt 0.628348 0.184316 0.000000
vt 0.371767 0.733751 0.000000
vt 0.371786 0.720146 0.000000
vt 0.212679 0.617092 0.000000
vt 0.192105 0.615241 0.000000
vt 0.193534 0.598908 0.000000
vt 0.214108 0.600759 0.000000
vt 0.371767 0.758506 0.000000
vt 0.372234 0.742118 0.000000
vt 0.392884 0.742656 0.000000
vt 0.392417 0.759045 0.000000
vt 0.519503 0.904905 0.000000
vt 0.535895 0.905140 0.000000
vt 0.535842 0.908426 0.000000
vt 0.519449 0.908191 0.000000
vt 0.757878 0.890618 0.000000
vt 0.737208 0.890734 0.000000
vt 0.711322 0.855523 0.000000
vt 0.751416 0.855523 0.000000
vt 0.900190 0.972530 0.000000
vt 0.899782 0.988919 0.000000
vt 0.896497 0.988844 0.000000
vt 0.896905 0.972454 0.000000
vt 0.838587 0.919829 0.000000
vt 0.859678 0.920352 0.000000
vt 0.729059 0.936181 0.000000
vt 0.749729 0.936065 0.000000
vt 0.213175 0.642558 0.000000
vt 0.192105 0.641846 0.000000
vt 0.192598 0.625459 0.000000
vt 0.213667 0.626171 0.000000
vt 0.614101 0.375506 0.000000
vt 0.615506 0.359172 0.000000
vt 0.636517 0.360899 0.000000
vt 0.635113 0.377233 0.000000
vt 0.941830 0.975289 0.000000
vt 0.958222 0.975077 0.000000
vt 0.958249 0.978298 0.000000
vt 0.941856 0.978510 0.000000
vt 0.511082 0.908411 0.000000
vt 0.489987 0.908107 0.000000
vt 0.489669 0.904905 0.000000
vt 0.510764 0.905210 0.000000
vt 0.533646 0.925426 0.000000
vt 0.550039 0.925668 0.000000
vt 0.550006 0.928889 0.000000
vt 0.533613 0.928646 0.000000
vt 0.699602 0.936065 0.000000
vt 0.720692 0.936588 0.000000
vt 0.980748 0.725189 0.000000
vt 0.959653 0.724884 0.000000
vt 0.449185 0.737518 0.000000
vt 0.469547 0.739390 0.000000
vt 0.468334 0.755725 0.000000
vt 0.447972 0.753852 0.000000
vt 0.192105 0.667291 0.000000
vt 0.192788 0.650925 0.000000
vt 0.213230 0.651418 0.000000
vt 0.212547 0.667783 0.000000
vt 0.946194 0.952301 0.000000
vt 0.962573 0.952472 0.000000
vt 0.962499 0.955793 0.000000
vt 0.946121 0.955622 0.000000
vt 0.952019 0.741822 0.000000
vt 0.972464 0.741479 0.000000
vt 0.972882 0.744774 0.000000
vt 0.952437 0.745117 0.000000
vt 0.978848 0.680656 0.000000
vt 0.995221 0.681127 0.000000
vt 0.995164 0.684448 0.000000
vt 0.978791 0.683977 0.000000
vt 0.937459 0.955609 0.000000
vt 0.917016 0.956030 0.000000
vt 0.917310 0.952722 0.000000
vt 0.937753 0.952301 0.000000
vt 0.478054 0.737518 0.000000
vt 0.499505 0.737905 0.000000
vt 0.499364 0.754287 0.000000
vt 0.477914 0.753899 0.000000
vt 0.647116 0.991577 0.000000
vt 0.646976 0.975195 0.000000
vt 0.668426 0.974807 0.000000
vt 0.668567 0.991189 0.000000
vt 0.834841 0.890521 0.000000
vt 0.818460 0.890746 0.000000
vt 0.818471 0.887583 0.000000
vt 0.834852 0.887358 0.000000
vt 0.548496 0.641727 0.000000
vt 0.548087 0.663200 0.000000
vt 0.544938 0.663477 0.000000
vt 0.545347 0.642004 0.000000
vt 0.997700 0.412290 0.000000
vt 0.981320 0.412064 0.000000
vt 0.981309 0.408901 0.000000
vt 0.997690 0.409127 0.000000
vt 0.755222 0.371689 0.000000
vt 0.776694 0.372123 0.000000
vt 0.776294 0.375258 0.000000
vt 0.754822 0.374824 0.000000
vt 0.439605 0.739117 0.000000
vt 0.437780 0.759928 0.000000
vt 0.421471 0.758329 0.000000
vt 0.423295 0.737518 0.000000
vt 0.423766 0.018314 0.000000
vt 0.425314 0.002000 0.000000
vt 0.446090 0.004188 0.000000
vt 0.444542 0.020502 0.000000
vt 0.956924 0.838959 0.000000
vt 0.973309 0.839271 0.000000
vt 0.973281 0.842523 0.000000
vt 0.956897 0.842211 0.000000
vt 0.504757 0.948589 0.000000
vt 0.483867 0.948458 0.000000
vt 0.483507 0.945226 0.000000
vt 0.504397 0.945357 0.000000
vt 0.958601 0.800875 0.000000
vt 0.974985 0.801206 0.000000
vt 0.974885 0.804457 0.000000
vt 0.958501 0.804126 0.000000
vt 0.406024 0.818200 0.000000
vt 0.406712 0.797320 0.000000
vt 0.409928 0.797807 0.000000
vt 0.409239 0.818686 0.000000
vt 0.681295 0.977437 0.000000
vt 0.702558 0.977671 0.000000
vt 0.702558 0.994053 0.000000
vt 0.681295 0.993819 0.000000
vt 0.711253 0.968917 0.000000
vt 0.711253 0.952534 0.000000
vt 0.732516 0.952301 0.000000
vt 0.732516 0.968683 0.000000
vt 0.829717 0.939258 0.000000
vt 0.813335 0.939258 0.000000
vt 0.813386 0.936065 0.000000
vt 0.829768 0.936065 0.000000
vt 0.763718 0.871759 0.000000
vt 0.785003 0.872034 0.000000
vt 0.785328 0.875210 0.000000
vt 0.764043 0.874935 0.000000
vt 0.964157 0.923023 0.000000
vt 0.947775 0.923023 0.000000
vt 0.947724 0.919829 0.000000
vt 0.964106 0.919829 0.000000
vt 0.707170 0.887358 0.000000
vt 0.728449 0.887917 0.000000
vt 0.728000 0.891078 0.000000
vt 0.706721 0.890518 0.000000
vt 0.816755 0.165559 0.000000
vt 0.814903 0.186133 0.000000
vt 0.798571 0.184704 0.000000
vt 0.800422 0.164130 0.000000
vt 0.586676 0.990331 0.000000
vt 0.587144 0.973942 0.000000
vt 0.607794 0.974481 0.000000
vt 0.607326 0.990869 0.000000
vt 0.917069 0.964397 0.000000
vt 0.933462 0.964632 0.000000
vt 0.933408 0.967919 0.000000
vt 0.917016 0.967684 0.000000
vt 0.750318 0.906854 0.000000
vt 0.729647 0.906970 0.000000
vt 0.966071 0.195993 0.000000
vt 0.945411 0.196649 0.000000
vt 0.826641 0.993432 0.000000
vt 0.843031 0.993840 0.000000
vt 0.842956 0.997126 0.000000
vt 0.826566 0.996718 0.000000
vt 0.750121 0.939325 0.000000
vt 0.729450 0.939441 0.000000
vt 0.959334 0.721683 0.000000
vt 0.980430 0.721987 0.000000
vt 0.203331 0.812513 0.000000
vt 0.182261 0.811800 0.000000
vt 0.182753 0.795413 0.000000
vt 0.203823 0.796126 0.000000
vt 0.616193 0.968635 0.000000
vt 0.617598 0.952301 0.000000
vt 0.638609 0.954028 0.000000
vt 0.637205 0.970361 0.000000
vt 0.917016 0.976498 0.000000
vt 0.933408 0.976286 0.000000
vt 0.933435 0.979506 0.000000
vt 0.917042 0.979718 0.000000
vt 0.971736 0.205733 0.000000
vt 0.968059 0.209285 0.000000
vt 0.971736 0.256213 0.000000
vt 0.968059 0.252661 0.000000
vt 0.766277 0.887358 0.000000
vt 0.782670 0.887600 0.000000
vt 0.782637 0.890821 0.000000
vt 0.766245 0.890578 0.000000
vt 0.948529 0.842516 0.000000
vt 0.927056 0.842108 0.000000
vt 0.926780 0.838959 0.000000
vt 0.948253 0.839367 0.000000
vt 0.636555 0.996936 0.000000
vt 0.616193 0.995063 0.000000
vt 0.617406 0.978728 0.000000
vt 0.637768 0.980601 0.000000
vt 0.421471 0.833223 0.000000
vt 0.422153 0.816858 0.000000
vt 0.442595 0.817350 0.000000
vt 0.441912 0.833716 0.000000
vt 0.981323 0.741479 0.000000
vt 0.997702 0.741650 0.000000
vt 0.997628 0.744971 0.000000
vt 0.981249 0.744800 0.000000
vt 0.946794 0.761622 0.000000
vt 0.967239 0.761278 0.000000
vt 0.967657 0.764574 0.000000
vt 0.947212 0.764917 0.000000
vt 0.799098 0.992838 0.000000
vt 0.815470 0.993309 0.000000
vt 0.815414 0.996630 0.000000
vt 0.799041 0.996159 0.000000
vt 0.540109 0.867349 0.000000
vt 0.519666 0.867770 0.000000
vt 0.519960 0.864462 0.000000
vt 0.540404 0.864041 0.000000
vt 0.578309 0.975542 0.000000
vt 0.576484 0.996353 0.000000
vt 0.560175 0.994754 0.000000
vt 0.561999 0.973942 0.000000
vt 0.422382 0.374496 0.000000
vt 0.423930 0.358182 0.000000
vt 0.444706 0.360370 0.000000
vt 0.443157 0.376684 0.000000
vt 0.789302 0.855523 0.000000
vt 0.805687 0.855835 0.000000
vt 0.805659 0.859087 0.000000
vt 0.789274 0.858775 0.000000
vt 0.525246 0.928789 0.000000
vt 0.504356 0.928658 0.000000
vt 0.503996 0.925426 0.000000
vt 0.524886 0.925557 0.000000
vt 0.974808 0.192720 0.000000
vt 0.991192 0.193051 0.000000
vt 0.991092 0.196302 0.000000
vt 0.974708 0.195971 0.000000
vt 0.638446 0.179359 0.000000
vt 0.639134 0.158480 0.000000
vt 0.642350 0.158966 0.000000
vt 0.641661 0.179846 0.000000
vt 0.507872 0.737518 0.000000
vt 0.529135 0.737751 0.000000
vt 0.529135 0.754134 0.000000
vt 0.507872 0.753900 0.000000
vt 0.451429 0.808337 0.000000
vt 0.451429 0.791955 0.000000
vt 0.472692 0.791721 0.000000
vt 0.472692 0.808103 0.000000
vt 0.885282 0.858717 0.000000
vt 0.868900 0.858717 0.000000
vt 0.868951 0.855523 0.000000
vt 0.885333 0.855523 0.000000
vt 0.768849 0.993155 0.000000
vt 0.790134 0.993430 0.000000
vt 0.790459 0.996606 0.000000
vt 0.769174 0.996330 0.000000
vt 0.889788 0.874953 0.000000
vt 0.873406 0.874953 0.000000
vt 0.873355 0.871759 0.000000
vt 0.889736 0.871759 0.000000
vt 0.699610 0.903593 0.000000
vt 0.720889 0.904153 0.000000
vt 0.720440 0.907313 0.000000
vt 0.699161 0.906754 0.000000
vt 0.173894 0.796842 0.000000
vt 0.172042 0.817416 0.000000
vt 0.155710 0.815987 0.000000
vt 0.157561 0.795413 0.000000
vt 0.182261 0.837268 0.000000
vt 0.182728 0.820880 0.000000
vt 0.203378 0.821418 0.000000
vt 0.202911 0.837807 0.000000
vt 0.793748 0.871759 0.000000
vt 0.810142 0.871994 0.000000
vt 0.810088 0.875280 0.000000
vt 0.793695 0.875045 0.000000
vt 0.822426 0.387220 0.000000
vt 0.822426 0.435255 0.000000
vt 0.219288 0.728223 0.000000
vt 0.219721 0.706750 0.000000
vt 0.868120 0.919829 0.000000
vt 0.884510 0.920237 0.000000
vt 0.884435 0.923523 0.000000
vt 0.868045 0.923115 0.000000
vt 0.222857 0.707150 0.000000
vt 0.222423 0.728622 0.000000
vt 0.512271 0.641727 0.000000
vt 0.512271 0.681991 0.000000
vt 0.681435 0.952301 0.000000
vt 0.702886 0.952688 0.000000
vt 0.702745 0.969070 0.000000
vt 0.681295 0.968683 0.000000
vt 0.421611 0.808490 0.000000
vt 0.421471 0.792109 0.000000
vt 0.442921 0.791721 0.000000
vt 0.443062 0.808103 0.000000
vt 0.519690 0.970799 0.000000
vt 0.503309 0.971025 0.000000
vt 0.503319 0.967862 0.000000
vt 0.519700 0.967636 0.000000
vt 0.209592 0.873062 0.000000
vt 0.208815 0.847219 0.000000
vt 0.220883 0.848816 0.000000
vt 0.917195 0.761278 0.000000
vt 0.829923 0.906982 0.000000
vt 0.813542 0.906756 0.000000
vt 0.813532 0.903593 0.000000
vt 0.829913 0.903819 0.000000
vt 0.917195 0.769869 0.000000
vt 0.871378 0.769869 0.000000
vt 0.871378 0.761278 0.000000
vt 0.432812 0.842083 0.000000
vt 0.822585 0.443622 0.000000
vt 0.971004 0.294635 0.000000
vt 0.996991 0.150303 0.000000
vt 0.879016 0.638834 0.000000
vt 0.928430 0.592677 0.000000
vt 0.880715 0.604611 0.000000
vt 0.885180 0.648583 0.000000
vt 0.885282 0.594433 0.000000
vt 0.923531 0.722010 0.000000
vt 0.925010 0.639372 0.000000
vt 0.923546 0.730057 0.000000
vt 0.928261 0.648408 0.000000
vt 0.967619 0.637504 0.000000
vt 0.872538 0.604856 0.000000
vt 0.872658 0.597256 0.000000
vt 0.815237 0.494744 0.000000
vt 0.212339 0.928586 0.000000
vt 0.815237 0.503980 0.000000
vt 0.212339 0.919350 0.000000
vt 0.300310 0.674137 0.000000
vt 0.613833 0.183767 0.000000
vt 0.192428 0.384034 0.000000
vt 0.582774 0.520698 0.000000
vt 0.462899 0.137698 0.000000
vt 0.462899 0.014415 0.000000
vt 0.363400 0.780335 0.000000
vt 0.816064 0.454186 0.000000
vt 0.672122 0.966440 0.000000
vt 0.647040 0.137698 0.000000
vt 0.776831 0.520698 0.000000
vt 0.381972 0.822639 0.000000
vt 0.633706 0.454186 0.000000
vt 0.993893 0.306346 0.000000
vt 0.980360 0.550984 0.000000
vt 0.771654 0.531261 0.000000
vt 0.520638 0.666769 0.000000
vt 0.980398 0.494744 0.000000
vt 0.994867 0.496040 0.000000
vt 0.192428 0.217351 0.000000
vt 0.194250 0.205733 0.000000
vt 0.446617 0.783354 0.000000
vt 0.432896 0.868255 0.000000
vt 0.991492 0.626791 0.000000
vt 0.869423 0.626791 0.000000
vt 0.155713 0.765467 0.000000
vt 0.155710 0.752256 0.000000
vt 0.210920 0.752213 0.000000
vt 0.213200 0.936996 0.000000
vt 0.213197 0.950208 0.000000
vt 0.157986 0.950165 0.000000
vt 0.371767 0.687349 0.000000
vt 0.371767 0.674137 0.000000
vt 0.408863 0.674137 0.000000
vt 0.503309 0.956970 0.000000
vt 0.522363 0.956956 0.000000
vt 0.522365 0.959255 0.000000
vt 0.503310 0.959269 0.000000
vt 0.777542 0.938378 0.000000
vt 0.758488 0.938364 0.000000
vt 0.758489 0.936065 0.000000
vt 0.777544 0.936079 0.000000
vt 0.996845 0.520698 0.000000
vt 0.996845 0.533909 0.000000
vt 0.959749 0.533909 0.000000
vt 0.155710 0.787046 0.000000
vt 0.155710 0.773835 0.000000
vt 0.192805 0.773835 0.000000
vt 0.170644 0.863913 0.000000
vt 0.175239 0.867996 0.000000
vt 0.170644 0.867996 0.000000
vt 0.151590 0.879185 0.000000
vt 0.194293 0.879185 0.000000
vt 0.194293 0.852349 0.000000
vt 0.151590 0.852349 0.000000
vt 0.513124 0.945240 0.000000
vt 0.532179 0.945226 0.000000
vt 0.532180 0.947525 0.000000
vt 0.513125 0.947539 0.000000
vt 0.860531 0.857836 0.000000
vt 0.841477 0.857822 0.000000
vt 0.841479 0.855523 0.000000
vt 0.860533 0.855537 0.000000
vt 0.647040 0.014415 0.000000
vt 0.462899 0.002000 0.000000
vt 0.647040 0.002000 0.000000
vt 0.181117 0.711880 0.000000
vt 0.185711 0.711880 0.000000
vt 0.185711 0.723444 0.000000
vt 0.181117 0.723444 0.000000
vt 0.185711 0.727527 0.000000
vt 0.181117 0.727527 0.000000
vt 0.162062 0.738716 0.000000
vt 0.204766 0.738716 0.000000
vt 0.204766 0.711880 0.000000
vt 0.162062 0.711880 0.000000
vt 0.785911 0.936079 0.000000
vt 0.804965 0.936065 0.000000
vt 0.804967 0.938364 0.000000
vt 0.785913 0.938378 0.000000
vt 0.777740 0.905906 0.000000
vt 0.758685 0.905892 0.000000
vt 0.758687 0.903593 0.000000
vt 0.777741 0.903607 0.000000
vt 0.798571 0.194500 0.000000
vt 0.810134 0.194500 0.000000
vt 0.810134 0.196799 0.000000
vt 0.798571 0.196799 0.000000
vt 0.759938 0.997131 0.000000
vt 0.740883 0.997117 0.000000
vt 0.740885 0.994818 0.000000
vt 0.759940 0.994832 0.000000
vt 0.791037 0.887372 0.000000
vt 0.810091 0.887358 0.000000
vt 0.810093 0.889657 0.000000
vt 0.791039 0.889671 0.000000
vt 0.996882 0.002000 0.000000
vt 0.996882 0.013564 0.000000
vt 0.994584 0.013564 0.000000
vt 0.994584 0.002000 0.000000
vt 0.818511 0.871759 0.000000
vt 0.837565 0.871773 0.000000
vt 0.864988 0.874058 0.000000
vt 0.845934 0.874072 0.000000
vt 0.698993 0.819159 0.000000
vt 0.702582 0.861996 0.000000
vt 0.960884 0.966710 0.000000
vt 0.941830 0.966696 0.000000
vt 0.941831 0.964397 0.000000
vt 0.960886 0.964411 0.000000
vt 0.814054 0.855537 0.000000
vt 0.833108 0.855523 0.000000
vt 0.833110 0.857822 0.000000
vt 0.814056 0.857836 0.000000
vt 0.849948 0.819159 0.000000
vt 0.698180 0.893830 0.000000
vt 0.786110 0.903593 0.000000
vt 0.805164 0.903607 0.000000
vt 0.989996 0.954600 0.000000
vt 0.970942 0.954614 0.000000
vt 0.690608 0.830592 0.000000
vt 0.716820 0.741479 0.000000
vt 0.379050 0.869515 0.000000
vt 0.984035 0.792508 0.000000
vt 0.149434 0.949074 0.000000
vt 0.148375 0.973413 0.000000
vt 0.560360 0.573538 0.000000
vt 0.954375 0.372716 0.000000
vt 0.706365 0.627211 0.000000
vt 0.869355 0.809073 0.000000
vt 0.232704 0.183592 0.000000
vt 0.379141 0.890747 0.000000
vt 0.717044 0.721683 0.000000
vt 0.712768 0.847156 0.000000
vt 0.830958 0.422605 0.000000
vt 0.770268 0.550584 0.000000
vt 0.561951 0.804565 0.000000
vt 0.708659 0.877915 0.000000
vt 0.823768 0.496670 0.000000
vt 0.794334 0.319486 0.000000
vt 0.378870 0.972806 0.000000
vt 0.716568 0.764969 0.000000
vt 0.869620 0.845115 0.000000
vt 0.706369 0.792508 0.000000
vt 0.992166 0.711884 0.000000
vt 0.829591 0.926302 0.000000
vt 0.690791 0.943934 0.000000
vt 0.845233 0.792505 0.000000
vt 0.690609 0.910066 0.000000
vt 0.690792 0.927698 0.000000
vt 0.211928 0.898119 0.000000
vt 0.221463 0.898121 0.000000
vt 0.454485 0.183592 0.000000
vt 0.454483 0.194321 0.000000
vt 0.702627 0.672289 0.000000
vt 0.412635 0.742118 0.000000
vt 0.412633 0.752847 0.000000
vt 0.373605 0.810319 0.000000
vt 0.810048 0.520698 0.000000
vt 0.231448 0.940141 0.000000
vt 0.706424 0.772708 0.000000
vt 0.972942 0.400132 0.000000
vt 0.432854 0.902481 0.000000
vt 0.464116 0.158480 0.000000
vt 0.870905 0.663446 0.000000
vt 0.421555 0.869900 0.000000
vt 0.862053 0.648932 0.000000
vt 0.862068 0.670860 0.000000
vt 0.853319 0.711884 0.000000
vt 0.377918 0.992605 0.000000
vt 0.706901 0.733112 0.000000
vt 0.706661 0.752911 0.000000
vt 0.382707 0.931774 0.000000
vt 0.711248 0.692088 0.000000
vt 0.876954 0.681802 0.000000
vt 0.969191 0.680656 0.000000
vt 0.919483 0.804757 0.000000
vt 0.879075 0.804757 0.000000
vt 0.968560 0.303653 0.000000
vt 0.876209 0.742160 0.000000
vt 0.922419 0.741479 0.000000
vt 0.131651 0.982864 0.000000
vt 0.135524 0.992918 0.000000
vt 0.970399 0.646424 0.000000
vt 0.979372 0.305961 0.000000
vt 0.980176 0.294227 0.000000
vt 0.993776 0.294587 0.000000
vt 0.610074 0.463282 0.000000
vt 0.604896 0.452719 0.000000
vt 0.845184 0.454578 0.000000
vt 0.838663 0.465142 0.000000
vt 0.981644 0.387220 0.000000
vt 0.996138 0.388188 0.000000
vt 0.994883 0.400534 0.000000
vt 0.981309 0.399627 0.000000
vt 0.994880 0.550584 0.000000
vt 0.994728 0.562995 0.000000
vt 0.981129 0.563370 0.000000
vt 0.589295 0.531261 0.000000
vt 0.566695 0.542217 0.000000
vt 0.560175 0.531654 0.000000
vt 0.800464 0.529795 0.000000
vt 0.795286 0.540358 0.000000
vt 0.993392 0.507706 0.000000
vt 0.979841 0.506493 0.000000
vt 0.980103 0.230775 0.000000
vt 0.217562 0.384973 0.000000
vt 0.218324 0.397360 0.000000
# 1583 texture coords

g House_2_AO
s 4
f 1/1/1 9/2/2 2/3/3 
s 1
f 8/4/4 2/5/5 9/6/6 
s 64
f 3/8/7 2/9/8 8/10/9 10/7/10 
s 2
f 9/11/11 1/14/12 4/28/13 
s 16
f 3/13/14 10/15/15 4/16/16 1/12/17 
s 4
f 2/3/18 3/17/19 1/1/20 
s 16
f 6/21/21 8/4/22 9/6/23 7/20/24 
s 2
f 11/25/25 10/7/26 8/10/27 6/24/28 
s 8
f 9/11/29 4/28/30 5/36/31 7/31/32 
s 1
f 11/30/33 5/29/34 4/16/35 10/15/36 
s 4
f 6/18/37 5/19/38 11/34/39 
f 5/19/40 6/18/41 7/35/42 
f 16/39/43 17/40/44 19/41/45 18/42/46 
s 8
f 12/44/47 13/45/48 17/46/49 16/1500/50 
s 16
f 13/48/51 15/49/52 19/50/53 17/626/54 
s 32
f 15/52/55 14/53/56 18/54/57 19/1498/58 
s 64
f 14/56/59 12/57/60 16/58/61 18/1516/62 
s off
f 15/47/63 13/51/64 12/55/65 14/43/66 
s 4
f 24/59/67 25/60/68 27/61/69 26/62/70 
s 8
f 20/64/71 21/65/72 25/66/73 24/1504/74 
s 16
f 21/68/75 23/69/76 27/70/77 25/1536/78 
s 32
f 23/72/79 22/73/80 26/74/81 27/1501/82 
s 64
f 22/76/83 20/77/84 24/78/85 26/1519/86 
s off
f 23/67/87 21/71/88 20/75/89 22/63/90 
s 4
f 32/79/91 33/80/92 35/81/93 34/82/94 
s 8
f 28/84/95 29/85/96 33/86/97 32/1481/98 
s 16
f 29/88/99 31/89/100 35/90/101 33/1530/102 
s 32
f 31/92/103 30/93/104 34/94/105 35/1480/106 
s 64
f 30/96/107 28/97/108 32/98/109 34/461/110 
s off
f 31/87/111 29/91/112 28/95/113 30/83/114 
s 4
f 61/152/115 62/153/116 63/154/117 60/151/118 
s 8
f 36/103/119 37/104/120 41/105/121 40/106/122 
s 16
f 37/108/123 39/1404/124 43/1405/125 41/1406/126 
s 32
f 39/113/127 38/1418/128 42/1419/129 43/1420/130 
s 64
f 38/116/131 36/1401/132 40/1402/133 42/1403/134 
s 4
f 65/156/135 66/157/136 67/158/137 64/155/138 
f 69/160/139 70/161/140 71/162/141 68/159/142 
f 73/164/143 74/165/144 75/166/145 72/163/146 
s off
f 55/99/147 42/100/148 40/101/149 47/102/150 
f 40/101/151 41/109/152 48/110/153 45/107/154 
f 43/112/155 42/100/156 53/114/157 58/111/158 
f 50/115/159 41/109/160 43/112/161 56/117/162 
s 1
f 59/118/163 51/1424/164 50/115/165 56/117/166 
f 55/99/167 47/102/168 46/1426/169 52/1425/170 
s 2
f 58/111/171 53/114/172 52/1425/173 59/118/174 
s 8
f 46/1426/175 51/1424/176 59/118/177 52/1425/178 
s 2
f 51/1424/179 46/1426/180 45/107/181 48/110/182 
s off
f 40/101/183 44/1427/184 47/102/185 
f 55/99/186 54/1428/187 42/100/188 
f 58/111/189 57/1429/190 43/112/191 
f 42/100/192 54/1428/193 53/114/194 
f 43/112/195 57/1429/196 56/117/197 
f 50/115/198 49/1430/199 41/109/200 
f 44/119/201 45/120/202 61/135/203 60/136/204 
f 45/1410/205 46/1411/206 62/1412/207 61/1413/208 
f 46/121/209 47/122/210 63/137/211 62/138/212 
f 47/1414/213 44/1415/214 60/1416/215 63/1417/216 
f 48/123/217 49/124/218 65/139/219 64/140/220 
f 49/974/221 50/975/222 66/976/223 65/978/224 
f 50/125/225 51/126/226 67/141/227 66/142/228 
f 51/979/229 48/980/230 64/993/231 67/1001/232 
f 52/1431/233 53/1432/234 69/1433/235 68/1434/236 
f 53/128/237 54/129/238 70/144/239 69/145/240 
f 54/1435/241 55/1436/242 71/1437/243 70/1438/244 
f 55/127/245 52/130/246 68/143/247 71/146/248 
f 56/1452/249 57/1453/250 73/1454/251 72/1455/252 
f 57/132/253 58/133/254 74/148/255 73/149/256 
f 58/1456/257 59/1457/258 75/1458/259 74/1459/260 
f 59/131/261 56/134/262 72/147/263 75/150/264 
f 45/107/265 44/1427/266 40/101/267 
f 41/109/268 49/1430/269 48/110/270 
s 4
f 80/167/271 81/168/272 83/169/273 82/170/274 
s 8
f 77/173/275 84/174/276 85/187/277 76/172/278 
s 16
f 79/176/279 86/177/280 84/178/281 77/175/282 
s 32
f 79/180/283 78/181/284 87/182/285 86/192/286 
s 64
f 76/184/287 85/185/288 87/186/289 78/183/290 
s off
f 79/179/291 77/433/292 76/434/293 78/171/294 
s 8
f 84/174/295 81/189/296 80/1537/297 85/187/298 
s 16
f 83/188/299 81/191/300 84/178/301 86/177/302 
s 32
f 82/193/303 83/1534/304 86/192/305 87/182/306 
s 64
f 80/190/307 82/194/308 87/186/309 85/185/310 
s 4
f 92/195/311 93/196/312 95/197/313 94/198/314 
s 8
f 89/201/315 96/202/316 97/215/317 88/200/318 
s 16
f 91/204/319 98/205/320 96/206/321 89/203/322 
s 32
f 91/208/323 90/209/324 99/210/325 98/220/326 
s 64
f 88/212/327 97/213/328 99/214/329 90/211/330 
s off
f 91/207/331 89/784/332 88/787/333 90/199/334 
s 8
f 96/202/335 93/217/336 92/1533/337 97/215/338 
s 16
f 95/216/339 93/219/340 96/206/341 98/205/342 
s 32
f 94/221/343 95/1539/344 98/220/345 99/210/346 
s 64
f 92/218/347 94/222/348 99/214/349 97/213/350 
s 4
f 104/223/351 105/224/352 107/225/353 106/226/354 
s 8
f 100/228/355 101/229/356 105/230/357 104/1521/358 
s 16
f 101/232/359 103/233/360 107/234/361 105/1520/362 
s 32
f 103/236/363 102/237/364 106/238/365 107/1525/366 
s 64
f 102/240/367 100/241/368 104/242/369 106/1496/370 
s off
f 103/231/371 101/235/372 100/239/373 102/227/374 
s 4
f 112/243/375 113/244/376 115/245/377 114/246/378 
s 8
f 108/248/379 109/249/380 113/250/381 112/1508/382 
s 16
f 109/252/383 111/253/384 115/254/385 113/1542/386 
s 32
f 111/256/387 110/257/388 114/258/389 115/1505/390 
s 64
f 110/260/391 108/261/392 112/262/393 114/1543/394 
s off
f 111/251/395 109/255/396 108/259/397 110/247/398 
s 4
f 120/263/399 121/264/400 123/265/401 122/266/402 
s 8
f 116/268/403 117/269/404 121/270/405 120/1506/406 
s 16
f 117/271/407 119/272/408 123/273/409 121/274/410 
s 32
f 119/276/411 118/277/412 122/278/413 123/1515/414 
s 64
f 118/279/415 116/280/416 120/281/417 122/282/418 
s off
f 119/275/419 117/1526/420 116/1527/421 118/267/422 
s 4
f 128/283/423 129/284/424 131/285/425 130/286/426 
s 8
f 124/288/427 125/289/428 129/290/429 128/1512/430 
s 16
f 125/292/431 127/293/432 131/294/433 129/1544/434 
s 32
f 127/296/435 126/297/436 130/298/437 131/1513/438 
s 64
f 126/300/439 124/301/440 128/302/441 130/1545/442 
s off
f 127/291/443 125/295/444 124/299/445 126/287/446 
s 4
f 136/303/447 137/304/448 139/305/449 138/306/450 
s 8
f 132/308/451 133/309/452 137/310/453 136/1510/454 
s 16
f 133/311/455 135/312/456 139/313/457 137/314/458 
s 32
f 135/315/459 134/316/460 138/317/461 139/318/462 
s 64
f 134/320/463 132/321/464 136/322/465 138/1503/466 
s off
f 135/319/467 133/1528/468 132/1529/469 134/307/470 
s 4
f 144/323/471 145/324/472 147/325/473 146/326/474 
s 8
f 140/328/475 141/329/476 145/330/477 144/1517/478 
s 16
f 141/332/479 143/333/480 147/334/481 145/1546/482 
s 32
f 143/336/483 142/337/484 146/338/485 147/1518/486 
s 64
f 142/340/487 140/341/488 144/342/489 146/1547/490 
s off
f 143/331/491 141/335/492 140/339/493 142/327/494 
s 4
f 173/396/495 174/397/496 175/398/497 172/395/498 
s 8
f 148/347/499 149/1407/500 153/1408/501 152/1409/502 
s 16
f 149/351/503 151/352/504 155/353/505 153/354/506 
s 32
f 151/357/507 150/1421/508 154/1422/509 155/1423/510 
s 64
f 150/359/511 148/360/512 152/361/513 154/362/514 
s 4
f 177/400/515 178/401/516 179/402/517 176/399/518 
f 181/404/519 182/405/520 183/406/521 180/403/522 
f 185/408/523 186/409/524 187/410/525 184/407/526 
s off
f 167/343/527 154/344/528 152/345/529 159/346/530 
f 152/345/531 153/349/532 160/350/533 157/348/534 
f 155/356/535 154/344/536 165/358/537 170/355/538 
f 162/1442/539 153/349/540 155/356/541 168/1443/542 
s 1
f 171/1444/543 163/1445/544 162/1442/545 168/1443/546 
f 167/343/547 159/346/548 158/1447/549 164/1446/550 
s 2
f 170/355/551 165/358/552 164/1446/553 171/1444/554 
s 8
f 158/1447/555 163/1445/556 171/1444/557 164/1446/558 
s 2
f 163/1445/559 158/1447/560 157/348/561 160/350/562 
s off
f 152/345/563 156/1448/564 159/346/565 
f 167/343/566 166/1449/567 154/344/568 
f 170/355/569 169/1450/570 155/356/571 
f 154/344/572 166/1449/573 165/358/574 
f 155/356/575 169/1450/576 168/1443/577 
f 162/1442/578 161/1451/579 153/349/580 
f 156/363/581 157/364/582 173/379/583 172/380/584 
f 157/1468/585 158/1469/586 174/1470/587 173/1471/588 
f 158/365/589 159/366/590 175/381/591 174/382/592 
f 159/1464/593 156/1465/594 172/1466/595 175/1467/596 
f 160/367/597 161/368/598 177/383/599 176/384/600 
f 161/369/601 162/385/602 178/1478/603 177/1479/604 
f 162/1460/605 163/1461/606 179/1462/607 178/1463/608 
f 163/370/609 160/386/610 176/1476/611 179/1477/612 
f 164/1486/613 165/1487/614 181/1488/615 180/1489/616 
f 165/372/617 166/373/618 182/388/619 181/389/620 
f 166/1482/621 167/1483/622 183/1484/623 182/1485/624 
f 167/371/625 164/374/626 180/387/627 183/390/628 
f 168/375/629 169/391/630 185/1494/631 184/1495/632 
f 169/376/633 170/377/634 186/392/635 185/393/636 
f 170/378/637 171/394/638 187/1492/639 186/1493/640 
f 171/1472/641 168/1473/642 184/1474/643 187/1475/644 
f 157/348/645 156/1448/646 152/345/647 
f 153/349/648 161/1451/649 160/350/650 
s 4
f 192/411/651 193/412/652 195/413/653 194/414/654 
s 8
f 188/416/655 189/417/656 193/418/657 192/1497/658 
s 16
f 189/420/659 191/421/660 195/422/661 193/1548/662 
s 32
f 191/424/663 190/425/664 194/426/665 195/1509/666 
s 64
f 190/428/667 188/429/668 192/430/669 194/1549/670 
s off
f 191/419/671 189/423/672 188/427/673 190/415/674 
s 4
f 200/32/675 201/33/676 203/431/677 202/432/678 
s 8
f 196/436/679 197/437/680 201/438/681 200/1524/682 
s 16
f 197/440/683 199/441/684 203/442/685 201/1523/686 
s 32
f 199/444/687 198/445/688 202/446/689 203/1522/690 
s 64
f 198/448/691 196/449/692 200/450/693 202/1499/694 
s off
f 199/439/695 197/443/696 196/447/697 198/435/698 
s 4
f 208/451/699 209/452/700 211/453/701 210/454/702 
s 8
f 204/456/703 205/457/704 209/458/705 208/1502/706 
s 16
f 205/22/707 207/23/708 211/459/709 209/460/710 
s 32
f 207/464/711 206/465/712 210/466/713 211/1511/714 
s 64
f 206/467/715 204/468/716 208/469/717 210/470/718 
s off
f 207/38/719 205/455/720 204/463/721 206/37/722 
s 4
f 216/471/723 217/472/724 219/473/725 218/474/726 
s 8
f 212/476/727 213/477/728 217/478/729 216/1514/730 
s 16
f 213/479/731 215/480/732 219/481/733 217/482/734 
s 32
f 215/483/735 214/484/736 218/485/737 219/486/738 
s 64
f 214/488/739 212/489/740 216/490/741 218/1507/742 
s off
f 215/487/743 213/1531/744 212/1532/745 214/475/746 
s 4
f 231/491/747 232/492/748 233/493/749 
s 32
f 227/494/750 221/495/751 228/496/752 
s 64
f 222/498/753 221/499/754 227/500/755 229/497/756 
s 2
f 228/501/757 220/504/758 223/516/759 
s 16
f 222/503/760 229/505/761 223/506/762 220/502/763 
s 4
f 233/493/764 234/507/765 231/491/766 
s 32
f 225/509/767 227/494/768 228/496/769 226/508/770 
s 2
f 230/513/771 229/497/772 227/500/773 225/512/774 
s 8
f 228/501/775 223/516/776 224/522/777 226/519/778 
s 1
f 230/518/779 224/517/780 223/506/781 229/505/782 
s off
f 220/525/783 228/526/784 232/492/785 231/491/786 
f 228/526/787 221/527/788 233/493/789 232/492/790 
f 221/527/791 222/528/792 234/507/793 233/493/794 
f 222/528/795 220/525/796 231/491/797 234/507/798 
s 4
f 235/533/799 236/534/800 237/535/801 238/536/802 
s 8
f 239/538/803 240/539/804 236/540/805 235/1491/806 
s 16
f 240/541/807 241/542/808 237/543/809 236/544/810 
s 32
f 241/546/811 242/547/812 238/548/813 237/1490/814 
s 64
f 242/550/815 239/551/816 235/552/817 238/1535/818 
s off
f 241/545/819 240/549/820 239/1538/821 242/537/822 
s 8
f 244/554/823 250/555/824 251/567/825 243/553/826 
s 16
f 258/556/827 259/557/828 246/558/829 257/568/830 
s 32
f 248/560/831 249/561/832 252/562/833 253/559/834 
s 64
f 247/530/835 248/531/836 253/532/837 251/529/838 
s 32
f 245/572/839 254/573/840 255/575/841 
f 256/577/842 253/559/843 252/562/844 257/578/845 
s 4
f 250/571/846 244/579/847 259/557/848 
s 32
f 256/577/849 255/575/850 253/559/851 
f 255/575/852 254/573/853 253/559/854 
s 64
f 253/532/855 254/563/856 260/564/857 
f 261/565/858 245/566/859 243/570/860 
f 261/565/861 243/570/862 251/529/863 
f 251/529/864 253/532/865 260/564/866 261/565/867 
s 2
f 263/588/868 267/589/869 252/585/870 249/587/871 
s 8
f 264/569/872 250/555/873 265/593/874 
f 265/593/875 250/555/876 266/594/877 
s 16
f 266/592/878 250/571/879 262/596/880 
s 2
f 267/589/881 262/596/882 250/571/883 252/585/884 
f 263/588/885 262/596/886 267/589/887 
s 4
f 258/556/888 257/568/889 252/585/890 
f 258/556/891 252/585/892 250/571/893 259/557/894 
s 1
f 247/595/895 251/567/896 250/555/897 264/569/898 
s 32
f 255/575/899 256/577/900 245/572/901 
f 256/577/902 257/578/903 246/580/904 
f 256/577/905 246/580/906 245/572/907 
s 64
f 261/565/908 260/564/909 245/566/910 
f 260/564/911 254/563/912 245/566/913 
s 2
f 270/609/914 271/610/915 269/611/916 268/612/917 
s 4
f 272/613/918 273/614/919 275/615/920 274/616/921 
s 64
f 272/617/922 274/624/923 271/625/924 270/462/925 
s 32
f 271/618/926 274/622/927 275/623/928 269/627/929 
s 16
f 275/620/930 273/621/931 268/628/932 269/619/933 
s 2
f 278/629/934 279/630/935 277/631/936 276/632/937 
s 4
f 280/633/938 281/634/939 283/635/940 282/636/941 
s 64
f 280/644/942 282/645/943 279/646/944 278/637/945 
s 8
f 276/639/946 281/640/947 280/641/948 278/647/949 
s 16
f 283/642/950 281/643/951 276/648/952 277/638/953 
s 2
f 286/649/954 287/650/955 285/651/956 284/652/957 
s 4
f 288/653/958 289/654/959 291/655/960 290/656/961 
s 64
f 288/664/962 290/665/963 287/666/964 286/657/965 
s 32
f 287/658/966 290/662/967 291/663/968 285/667/969 
s 16
f 291/660/970 289/661/971 284/668/972 285/659/973 
s 2
f 294/669/974 295/670/975 293/671/976 292/672/977 
s 4
f 296/673/978 297/674/979 299/675/980 298/676/981 
s 64
f 296/684/982 298/685/983 295/686/984 294/677/985 
s 32
f 295/26/986 298/27/987 299/678/988 293/682/989 
s 16
f 299/680/990 297/681/991 292/688/992 293/679/993 
s 2
f 302/689/994 303/690/995 301/691/996 300/692/997 
s 4
f 304/693/998 305/694/999 307/695/1000 306/696/1001 
s 64
f 304/704/1002 306/705/1003 303/706/1004 302/697/1005 
s 8
f 300/699/1006 305/700/1007 304/701/1008 302/707/1009 
s 16
f 307/702/1010 305/703/1011 300/708/1012 301/698/1013 
s 2
f 310/709/1014 311/710/1015 309/711/1016 308/712/1017 
s 4
f 312/713/1018 313/714/1019 315/715/1020 314/716/1021 
s 64
f 312/724/1022 314/725/1023 311/726/1024 310/717/1025 
s 8
f 308/719/1026 313/720/1027 312/721/1028 310/727/1029 
s 16
f 315/722/1030 313/723/1031 308/728/1032 309/718/1033 
s 2
f 318/729/1034 319/730/1035 317/731/1036 316/732/1037 
s 4
f 320/733/1038 321/734/1039 323/735/1040 322/736/1041 
s 64
f 320/744/1042 322/745/1043 319/746/1044 318/737/1045 
s 8
f 316/520/1046 321/521/1047 320/739/1048 318/740/1049 
s 16
f 323/742/1050 321/743/1051 316/748/1052 317/738/1053 
s 2
f 326/749/1054 327/750/1055 325/751/1056 324/752/1057 
s 4
f 328/753/1058 329/754/1059 331/755/1060 330/756/1061 
s 64
f 328/764/1062 330/765/1063 327/766/1064 326/757/1065 
s 32
f 327/758/1066 330/762/1067 331/763/1068 325/767/1069 
s 16
f 331/515/1070 329/759/1071 324/760/1072 325/514/1073 
s 2
f 334/606/1074 335/608/1075 333/769/1076 332/770/1077 
s 4
f 336/581/1078 337/583/1079 339/584/1080 338/586/1081 
s 64
f 336/598/1082 338/599/1083 335/600/1084 334/597/1085 
s 8
f 332/780/1086 337/781/1087 336/782/1088 334/790/1089 
s 32
f 335/778/1090 338/785/1091 339/786/1092 333/791/1093 
s 16
f 339/777/1094 337/779/1095 332/783/1096 333/604/1097 
s 2
f 342/793/1098 343/794/1099 341/795/1100 340/796/1101 
s 4
f 344/797/1102 345/798/1103 347/799/1104 346/800/1105 
s 64
f 344/601/1106 346/602/1107 343/603/1108 342/591/1109 
s 8
f 340/804/1110 345/805/1111 344/806/1112 342/814/1113 
s 32
f 343/802/1114 346/809/1115 347/810/1116 341/815/1117 
s 16
f 347/807/1118 345/808/1119 340/816/1120 341/803/1121 
s 2
f 350/817/1122 351/818/1123 349/819/1124 348/820/1125 
s 4
f 352/821/1126 353/822/1127 355/823/1128 354/824/1129 
s 64
f 352/835/1130 354/836/1131 351/837/1132 350/825/1133 
s 8
f 348/828/1134 353/829/1135 352/830/1136 350/838/1137 
s 32
f 351/788/1138 354/789/1139 355/792/1140 349/826/1141 
s 16
f 355/607/1142 353/801/1143 348/811/1144 349/605/1145 
s 4
f 372/871/1146 373/872/1147 374/1331/1148 375/1332/1149 
s 8
f 356/845/1150 357/846/1151 361/847/1152 360/848/1153 
s 16
f 357/849/1154 359/850/1155 363/851/1156 361/852/1157 
s 32
f 359/853/1158 358/854/1159 362/855/1160 363/856/1161 
s 64
f 358/857/1162 356/858/1163 360/859/1164 362/860/1165 
s off
f 360/841/1166 361/842/1167 365/843/1168 364/844/1169 
f 361/842/1170 363/1225/1171 366/1226/1172 365/843/1173 
f 363/1225/1174 362/1227/1175 367/1228/1176 366/1226/1177 
f 362/1227/1178 360/841/1179 364/844/1180 367/1228/1181 
f 364/523/1182 365/524/1183 369/741/1184 368/747/1185 
f 365/862/1186 366/866/1187 370/1550/1188 369/1551/1189 
f 366/863/1190 367/867/1191 371/1552/1192 370/1553/1193 
f 367/861/1194 364/864/1195 368/865/1196 371/868/1197 
f 368/869/1198 369/870/1199 373/897/1200 372/898/1201 
f 369/833/1202 370/834/1203 374/839/1204 373/1540/1205 
f 370/899/1206 371/900/1207 375/1059/1208 374/1060/1209 
f 371/812/1210 368/813/1211 372/827/1212 375/831/1213 
s 2
f 376/873/1214 378/874/1215 379/875/1216 377/876/1217 
s 4
f 380/877/1218 381/878/1219 383/879/1220 382/880/1221 
s 8
f 376/881/1222 377/882/1223 381/883/1224 380/884/1225 
s 16
f 377/885/1226 379/886/1227 383/887/1228 381/888/1229 
s 32
f 379/889/1230 378/890/1231 382/891/1232 383/892/1233 
s 64
f 378/893/1234 376/894/1235 380/895/1236 382/896/1237 
s 4
f 398/916/1238 392/913/1239 393/914/1240 394/915/1241 
s 1
f 391/906/1242 424/908/1243 426/912/1244 389/904/1245 
s 4
f 395/917/1246 397/918/1247 398/916/1248 394/915/1249 
s 1
f 385/986/1250 420/989/1251 421/991/1252 388/985/1253 
s 2
f 389/922/1254 426/923/1255 428/933/1256 386/910/1257 
s 1
f 390/905/1258 386/994/1259 428/1321/1260 429/1322/1261 
s 4
f 395/917/1262 396/919/1263 397/918/1264 
f 384/934/1265 401/935/1266 402/936/1267 
f 385/937/1268 388/938/1269 407/939/1270 408/940/1271 
f 388/938/1272 391/941/1273 406/942/1274 407/939/1275 
f 391/941/1276 389/943/1277 405/944/1278 406/942/1279 
f 389/943/1280 386/945/1281 405/944/1282 
f 386/945/1283 390/946/1284 404/947/1285 405/944/1286 
f 390/946/1287 387/948/1288 403/949/1289 404/947/1290 
f 387/948/1291 384/934/1292 402/936/1293 403/949/1294 
f 409/950/1295 385/937/1296 408/940/1297 
s 2
f 384/901/1298 399/924/1299 401/982/1300 
f 399/925/1301 392/926/1302 402/1002/1303 401/1007/1304 
f 392/926/1305 398/1020/1306 403/1026/1307 402/1002/1308 
f 398/1020/1309 397/1358/1310 404/1554/1311 403/1026/1312 
f 397/927/1313 396/1012/1314 405/1555/1315 404/1556/1316 
f 396/928/1317 395/929/1318 406/930/1319 405/1009/1320 
f 395/929/1321 394/1010/1322 407/1011/1323 406/930/1324 
f 394/1010/1325 393/1557/1326 408/1558/1327 407/1011/1328 
f 393/931/1329 400/1008/1330 409/1027/1331 408/1359/1332 
f 400/902/1333 385/932/1334 409/1003/1335 
s 1
f 384/903/1336 387/907/1337 431/911/1338 417/995/1339 
s 2
f 400/902/1340 435/1004/1341 420/1373/1342 385/932/1343 
s 1
f 413/960/1344 412/961/1345 411/962/1346 410/959/1347 
f 431/911/1348 387/907/1349 390/997/1350 429/999/1351 
f 414/972/1352 412/961/1353 413/960/1354 415/971/1355 
f 391/906/1356 388/985/1357 421/991/1358 424/908/1359 
f 414/972/1360 415/971/1361 416/981/1362 
s 4
f 417/951/1363 419/952/1364 418/953/1365 
f 420/954/1366 423/955/1367 422/956/1368 421/957/1369 
f 421/957/1370 422/956/1371 425/958/1372 424/963/1373 
f 424/963/1374 425/958/1375 427/964/1376 426/965/1377 
f 426/965/1378 427/964/1379 428/966/1380 
f 428/966/1381 427/964/1382 430/967/1383 429/968/1384 
f 429/968/1385 430/967/1386 432/969/1387 431/970/1388 
f 431/970/1389 432/969/1390 419/952/1391 417/951/1392 
s 2
f 399/924/1393 384/901/1394 417/1372/1395 433/983/1396 
s 4
f 434/973/1397 423/955/1398 420/954/1399 
f 443/1013/1400 436/1380/1401 437/1381/1402 442/1006/1403 
f 442/1006/1404 437/1381/1405 441/1385/1406 
s 2
f 417/1372/1407 418/1374/1408 433/983/1409 
s 32
f 433/984/1410 418/998/1411 419/1360/1412 410/1363/1413 
s 2
f 410/1363/1414 419/1360/1415 432/1366/1416 413/1368/1417 
f 413/1368/1418 432/1366/1419 430/1369/1420 415/1559/1421 
f 415/992/1422 430/996/1423 427/1365/1424 416/1367/1425 
f 416/1348/1426 427/1353/1427 425/1354/1428 414/1355/1429 
f 414/987/1430 425/988/1431 422/990/1432 412/1361/1433 
f 412/1361/1434 422/990/1435 423/1362/1436 411/1364/1437 
s 32
f 411/1364/1438 423/1362/1439 434/1370/1440 435/1371/1441 
s 2
f 435/1004/1442 434/1375/1443 420/1373/1444 
s 4
f 437/1381/1445 440/1439/1446 441/1385/1447 
f 437/1381/1448 438/1440/1449 439/1441/1450 440/1439/1451 
s 1
f 393/914/1452 392/913/1453 437/1376/1454 436/1382/1455 
s 16
f 444/1389/1456 445/1560/1457 446/1561/1458 447/1562/1459 
s 8
f 399/1018/1460 433/1357/1461 439/1383/1462 438/1388/1463 
s 16
f 448/1567/1464 449/1568/1465 450/1569/1466 451/1570/1467 
s 2
f 410/1022/1468 411/1023/1469 441/1399/1470 440/1400/1471 
s 16
f 452/1390/1472 453/1571/1473 454/1572/1474 455/1573/1475 
s 8
f 435/1379/1476 400/1386/1477 443/1391/1478 442/1574/1479 
s 16
f 456/1393/1480 457/1394/1481 458/1579/1482 459/1580/1483 
s off
f 392/909/1484 399/920/1485 445/1030/1486 444/1387/1487 
f 399/1018/1488 438/1388/1489 446/1563/1490 445/1564/1491 
f 438/1014/1492 437/1019/1493 447/1031/1494 446/1032/1495 
f 437/1017/1496 392/1029/1497 444/1395/1498 447/1396/1499 
f 433/977/1500 410/1000/1501 449/1033/1502 448/1581/1503 
f 410/1034/1504 440/1378/1505 450/1582/1506 449/1583/1507 
f 440/1021/1508 439/1035/1509 451/1036/1510 450/1384/1511 
f 439/1383/1512 433/1357/1513 448/1565/1514 451/1566/1515 
f 411/1005/1516 435/1037/1517 453/1038/1518 452/1397/1519 
f 435/1379/1520 442/1574/1521 454/1575/1522 453/1576/1523 
f 442/1024/1524 441/1025/1525 455/1039/1526 454/1392/1527 
f 441/1040/1528 411/1345/1529 452/1346/1530 455/1347/1531 
f 400/921/1532 393/1041/1533 457/1042/1534 456/1377/1535 
f 393/1015/1536 436/1356/1537 458/1398/1538 457/1541/1539 
f 436/1016/1540 443/1028/1541 459/1043/1542 458/1044/1543 
f 443/1391/1544 400/1386/1545 456/1577/1546 459/1578/1547 
s 2
f 460/1045/1548 462/1046/1549 463/1047/1550 461/1048/1551 
s 4
f 464/1049/1552 465/1050/1553 467/1051/1554 466/1052/1555 
s 8
f 460/1053/1556 461/1054/1557 465/1055/1558 464/1056/1559 
s 16
f 461/832/1560 463/840/1561 467/1057/1562 465/1058/1563 
s 32
f 463/1061/1564 462/1062/1565 466/1063/1566 467/1064/1567 
s 64
f 462/771/1568 460/772/1569 464/773/1570 466/774/1571 
s 2
f 468/1069/1572 470/1070/1573 471/1071/1574 469/1072/1575 
s 4
f 472/1073/1576 473/1074/1577 475/1075/1578 474/1076/1579 
s 8
f 468/1077/1580 469/1078/1581 473/1079/1582 472/1080/1583 
s 16
f 469/1081/1584 471/1082/1585 475/1083/1586 473/1084/1587 
s 32
f 471/1085/1588 470/1086/1589 474/1087/1590 475/1088/1591 
s 64
f 470/683/1592 468/687/1593 472/1089/1594 474/1090/1595 
s 2
f 476/1093/1596 478/1094/1597 479/1095/1598 477/1096/1599 
s 4
f 480/1097/1600 481/1098/1601 483/1099/1602 482/1100/1603 
s 8
f 476/1101/1604 477/1102/1605 481/1103/1606 480/1104/1607 
s 16
f 477/1105/1608 479/1106/1609 483/1107/1610 481/1108/1611 
s 32
f 479/1109/1612 478/1110/1613 482/1111/1614 483/1112/1615 
s 64
f 478/1113/1616 476/1114/1617 480/1115/1618 482/1116/1619 
s 2
f 484/1117/1620 486/1118/1621 487/1119/1622 485/1120/1623 
s 4
f 488/1121/1624 489/1122/1625 491/1123/1626 490/1124/1627 
s 8
f 484/1125/1628 485/1126/1629 489/1127/1630 488/1128/1631 
s 16
f 485/1129/1632 487/1130/1633 491/1131/1634 489/1132/1635 
s 32
f 487/1133/1636 486/1134/1637 490/1135/1638 491/1136/1639 
s 64
f 486/1137/1640 484/1138/1641 488/1139/1642 490/1140/1643 
s 2
f 492/1141/1644 494/1142/1645 495/1143/1646 493/1144/1647 
s 4
f 496/1145/1648 497/1146/1649 499/1147/1650 498/1148/1651 
s 8
f 492/1149/1652 493/1150/1653 497/1151/1654 496/1152/1655 
s 16
f 493/1153/1656 495/1154/1657 499/1155/1658 497/1156/1659 
s 32
f 495/1157/1660 494/1158/1661 498/1159/1662 499/1160/1663 
s 64
f 494/1161/1664 492/1162/1665 496/1163/1666 498/1164/1667 
s 2
f 500/1165/1668 502/1166/1669 503/1167/1670 501/1168/1671 
s 4
f 504/1169/1672 505/1170/1673 507/1171/1674 506/1172/1675 
s 8
f 500/1173/1676 501/1174/1677 505/1175/1678 504/1176/1679 
s 16
f 501/1177/1680 503/1178/1681 507/1179/1682 505/1180/1683 
s 32
f 503/1181/1684 502/1182/1685 506/1183/1686 507/1184/1687 
s 64
f 502/1185/1688 500/1186/1689 504/1187/1690 506/1188/1691 
s 2
f 508/1189/1692 510/1190/1693 511/1191/1694 509/1192/1695 
s 4
f 512/1193/1696 513/1194/1697 515/1195/1698 514/1196/1699 
s 8
f 508/1197/1700 509/1198/1701 513/1199/1702 512/1200/1703 
s 16
f 509/510/1704 511/511/1705 515/1201/1706 513/1202/1707 
s 32
f 511/1205/1708 510/1206/1709 514/1207/1710 515/1208/1711 
s 64
f 510/761/1712 508/768/1713 512/1203/1714 514/1204/1715 
s 2
f 516/1213/1716 518/1214/1717 519/1215/1718 517/1216/1719 
s 4
f 520/1217/1720 521/1218/1721 523/1219/1722 522/1220/1723 
s 8
f 516/1221/1724 517/1222/1725 521/1223/1726 520/1224/1727 
s 16
f 517/1091/1728 519/1092/1729 523/1211/1730 521/1212/1731 
s 32
f 519/1229/1732 518/1230/1733 522/1231/1734 523/1232/1735 
s 64
f 518/775/1736 516/776/1737 520/1065/1738 522/1066/1739 
s 2
f 524/1237/1740 526/1238/1741 527/1239/1742 525/1240/1743 
s 4
f 528/1241/1744 529/1242/1745 531/1243/1746 530/1244/1747 
s 8
f 524/1245/1748 525/1246/1749 529/1247/1750 528/1248/1751 
s 16
f 525/1249/1752 527/1250/1753 531/1251/1754 529/1252/1755 
s 32
f 527/1253/1756 526/1254/1757 530/1255/1758 531/1256/1759 
s 64
f 526/1257/1760 524/1258/1761 528/1259/1762 530/1260/1763 
s 2
f 532/1261/1764 534/1262/1765 535/1263/1766 533/1264/1767 
s 4
f 536/1265/1768 537/1266/1769 539/1267/1770 538/1268/1771 
s 8
f 532/1269/1772 533/1270/1773 537/1271/1774 536/1272/1775 
s 16
f 533/1273/1776 535/1274/1777 539/1275/1778 537/1276/1779 
s 32
f 535/1277/1780 534/1278/1781 538/1279/1782 539/1280/1783 
s 64
f 534/1281/1784 532/1282/1785 536/1283/1786 538/1284/1787 
s 2
f 540/1285/1788 542/1286/1789 543/1287/1790 541/1288/1791 
s 4
f 544/1289/1792 545/1290/1793 547/1291/1794 546/1292/1795 
s 8
f 540/1293/1796 541/1294/1797 545/1295/1798 544/1296/1799 
s 16
f 541/1297/1800 543/1298/1801 547/1299/1802 545/1300/1803 
s 32
f 543/1301/1804 542/1302/1805 546/1303/1806 547/1304/1807 
s 64
f 542/1305/1808 540/1306/1809 544/1307/1810 546/1308/1811 
s 2
f 548/1309/1812 550/1310/1813 551/1311/1814 549/1312/1815 
s 4
f 552/1313/1816 553/1314/1817 555/1315/1818 554/1316/1819 
s 8
f 548/1317/1820 549/1318/1821 553/1319/1822 552/1320/1823 
s 16
f 549/1067/1824 551/1068/1825 555/1209/1826 553/1210/1827 
s 32
f 551/1325/1828 550/1326/1829 554/1327/1830 555/1328/1831 
s 64
f 550/574/1832 548/576/1833 552/582/1834 554/590/1835 
s 2
f 556/1333/1836 558/1334/1837 559/1335/1838 557/1336/1839 
s 4
f 560/1337/1840 561/1338/1841 563/1339/1842 562/1340/1843 
s 8
f 556/1341/1844 557/1342/1845 561/1343/1846 560/1344/1847 
s 16
f 557/1233/1848 559/1234/1849 563/1235/1850 561/1236/1851 
s 32
f 559/1349/1852 558/1350/1853 562/1351/1854 563/1352/1855 
s 64
f 558/1323/1856 556/1324/1857 560/1329/1858 562/1330/1859 
# 422 polygons - 57 triangles

